[
  {
    "agency_id": 3,
    "route_id": 22018,
    "route_short_name": "",
    "route_long_name": "Azambuja - Santa Apolónia",
    "route_desc": "",
    "route_type": 2,
    "route_url": "",
    "route_color": "",
    "route_text_color": ""
  },
  {
    "agency_id": 3,
    "route_id": 22039,
    "route_short_name": "",
    "route_long_name": "Azambuja - Alcântara",
    "route_desc": "",
    "route_type": 2,
    "route_url": "",
    "route_color": "",
    "route_text_color": ""
  },
  {
    "agency_id": 3,
    "route_id": 22036,
    "route_short_name": "",
    "route_long_name": "Cais do Sodré - Algés",
    "route_desc": "",
    "route_type": 2,
    "route_url": "",
    "route_color": "",
    "route_text_color": ""
  },
  {
    "agency_id": 3,
    "route_id": 22038,
    "route_short_name": "",
    "route_long_name": "Alcântara - Azambuja",
    "route_desc": "",
    "route_type": 2,
    "route_url": "",
    "route_color": "",
    "route_text_color": ""
  },
  {
    "agency_id": 3,
    "route_id": 425,
    "route_short_name": "",
    "route_long_name": "Cais do Sodre - Oeiras (du)",
    "route_desc": "",
    "route_type": 2,
    "route_url": "",
    "route_color": "",
    "route_text_color": ""
  },
  {
    "agency_id": 3,
    "route_id": 22022,
    "route_short_name": "",
    "route_long_name": "Mira Sintra-Meleças - Rossio",
    "route_desc": "",
    "route_type": 2,
    "route_url": "",
    "route_color": "",
    "route_text_color": ""
  },
  {
    "agency_id": 3,
    "route_id": 412,
    "route_short_name": "",
    "route_long_name": "Oeiras - Cais do Sodré (du)",
    "route_desc": "",
    "route_type": 2,
    "route_url": "",
    "route_color": "",
    "route_text_color": ""
  },
  {
    "agency_id": 3,
    "route_id": 22020,
    "route_short_name": "",
    "route_long_name": "Alcântara - Castanheira do Ribatejo (du)",
    "route_desc": "",
    "route_type": 2,
    "route_url": "",
    "route_color": "",
    "route_text_color": ""
  },
  {
    "agency_id": 3,
    "route_id": 22019,
    "route_short_name": "",
    "route_long_name": "Santa Apolónia - Azambuja",
    "route_desc": "",
    "route_type": 2,
    "route_url": "",
    "route_color": "",
    "route_text_color": ""
  },
  {
    "agency_id": 3,
    "route_id": 22021,
    "route_short_name": "",
    "route_long_name": "Castanheira do Ribatejo - Alcântara",
    "route_desc": "",
    "route_type": 2,
    "route_url": "",
    "route_color": "",
    "route_text_color": ""
  },
  {
    "agency_id": 3,
    "route_id": 22023,
    "route_short_name": "",
    "route_long_name": "Rossio - Mira Sintra-Meleças",
    "route_desc": "",
    "route_type": 2,
    "route_url": "",
    "route_color": "",
    "route_text_color": ""
  },
  {
    "agency_id": 3,
    "route_id": 9412,
    "route_short_name": "",
    "route_long_name": "Setúbal - Barreiro",
    "route_desc": "",
    "route_type": 2,
    "route_url": "",
    "route_color": "",
    "route_text_color": ""
  },
  {
    "agency_id": 3,
    "route_id": 20083,
    "route_short_name": "",
    "route_long_name": "Praias do Sado A - Barreiro",
    "route_desc": "",
    "route_type": 2,
    "route_url": "",
    "route_color": "",
    "route_text_color": ""
  },
  {
    "agency_id": 3,
    "route_id": 4934,
    "route_short_name": "",
    "route_long_name": "Sintra - Alverca (du)",
    "route_desc": "",
    "route_type": 2,
    "route_url": "",
    "route_color": "",
    "route_text_color": ""
  },
  {
    "agency_id": 3,
    "route_id": 414,
    "route_short_name": "",
    "route_long_name": "Cais do Sodre - Cascais",
    "route_desc": "",
    "route_type": 2,
    "route_url": "",
    "route_color": "",
    "route_text_color": ""
  },
  {
    "agency_id": 3,
    "route_id": 19933,
    "route_short_name": "",
    "route_long_name": "Oriente - Sintra",
    "route_desc": "",
    "route_type": 2,
    "route_url": "",
    "route_color": "",
    "route_text_color": ""
  },
  {
    "agency_id": 3,
    "route_id": 20084,
    "route_short_name": "",
    "route_long_name": "Barreiro - Praias do Sado A",
    "route_desc": "",
    "route_type": 2,
    "route_url": "",
    "route_color": "",
    "route_text_color": ""
  },
  {
    "agency_id": 3,
    "route_id": 6232,
    "route_short_name": "",
    "route_long_name": "Rossio - Sintra",
    "route_desc": "",
    "route_type": 2,
    "route_url": "",
    "route_color": "",
    "route_text_color": ""
  },
  {
    "agency_id": 3,
    "route_id": 5514,
    "route_short_name": "",
    "route_long_name": "Sintra - Oriente",
    "route_desc": "",
    "route_type": 2,
    "route_url": "",
    "route_color": "",
    "route_text_color": ""
  },
  {
    "agency_id": 3,
    "route_id": 2420,
    "route_short_name": "",
    "route_long_name": "Carcavelos - Cais do Sodré",
    "route_desc": "",
    "route_type": 2,
    "route_url": "",
    "route_color": "",
    "route_text_color": ""
  },
  {
    "agency_id": 3,
    "route_id": 873,
    "route_short_name": "",
    "route_long_name": "Cascais - Cais do Sodré",
    "route_desc": "",
    "route_type": 2,
    "route_url": "",
    "route_color": "",
    "route_text_color": ""
  },
  {
    "agency_id": 3,
    "route_id": 6231,
    "route_short_name": "",
    "route_long_name": "Sintra - Rossio",
    "route_desc": "",
    "route_type": 2,
    "route_url": "",
    "route_color": "",
    "route_text_color": ""
  },
  {
    "agency_id": 3,
    "route_id": 5508,
    "route_short_name": "",
    "route_long_name": "Carcavelos - Cascais",
    "route_desc": "",
    "route_type": 2,
    "route_url": "",
    "route_color": "",
    "route_text_color": ""
  },
  {
    "agency_id": 3,
    "route_id": 2657,
    "route_short_name": "",
    "route_long_name": "Barreiro - Setúbal",
    "route_desc": "",
    "route_type": 2,
    "route_url": "",
    "route_color": "",
    "route_text_color": ""
  },
  {
    "agency_id": 3,
    "route_id": 874,
    "route_short_name": "",
    "route_long_name": "Cais do Sodré - Cascais",
    "route_desc": "",
    "route_type": 2,
    "route_url": "",
    "route_color": "",
    "route_text_color": ""
  },
  {
    "agency_id": 3,
    "route_id": 6876,
    "route_short_name": "",
    "route_long_name": "Algés - Cais do Sodré",
    "route_desc": "",
    "route_type": 2,
    "route_url": "",
    "route_color": "",
    "route_text_color": ""
  },
  {
    "agency_id": 3,
    "route_id": 6877,
    "route_short_name": "",
    "route_long_name": "Algés - Cascais",
    "route_desc": "",
    "route_type": 2,
    "route_url": "",
    "route_color": "",
    "route_text_color": ""
  },
  {
    "agency_id": 3,
    "route_id": 4937,
    "route_short_name": "",
    "route_long_name": "Alverca - Sintra (du)",
    "route_desc": "",
    "route_type": 2,
    "route_url": "",
    "route_color": "",
    "route_text_color": ""
  },
  {
    "agency_id": 3,
    "route_id": 401,
    "route_short_name": "",
    "route_long_name": "Cascais - Cais do Sodré",
    "route_desc": "",
    "route_type": 2,
    "route_url": "",
    "route_color": "",
    "route_text_color": ""
  }
]