[
  {
    "stop_id": 11061002,
    "stop_code": "",
    "stop_name": "Agualva-Cacém",
    "stop_desc": "",
    "stop_lat": 38.76639,
    "stop_lon": -9.29841,
    "zone_id": "",
    "stop_url": "",
    "location_type": "",
    "parent_station": ""
  },
  {
    "stop_id": 11067025,
    "stop_code": "",
    "stop_name": "Alcântara",
    "stop_desc": "",
    "stop_lat": 38.70775,
    "stop_lon": -9.17306,
    "zone_id": "",
    "stop_url": "",
    "location_type": "",
    "parent_station": ""
  },
  {
    "stop_id": 11069039,
    "stop_code": "",
    "stop_name": "Alcântara-Mar",
    "stop_desc": "",
    "stop_lat": 38.70253,
    "stop_lon": -9.17387,
    "zone_id": "",
    "stop_url": "",
    "location_type": "",
    "parent_station": ""
  },
  {
    "stop_id": 11069088,
    "stop_code": "",
    "stop_name": "Algés",
    "stop_desc": "",
    "stop_lat": 38.69859,
    "stop_lon": -9.22965,
    "zone_id": "",
    "stop_url": "",
    "location_type": "",
    "parent_station": ""
  },
  {
    "stop_id": 11061069,
    "stop_code": "",
    "stop_name": "Algueirão",
    "stop_desc": "",
    "stop_lat": 38.79763,
    "stop_lon": -9.34145,
    "zone_id": "",
    "stop_url": "",
    "location_type": "",
    "parent_station": ""
  },
  {
    "stop_id": 11031237,
    "stop_code": "",
    "stop_name": "Alhandra",
    "stop_desc": "",
    "stop_lat": 38.92441,
    "stop_lon": -9.01135,
    "zone_id": "",
    "stop_url": "",
    "location_type": "",
    "parent_station": ""
  },
  {
    "stop_id": 11095075,
    "stop_code": "",
    "stop_name": "Alhos Vedros",
    "stop_desc": "",
    "stop_lat": 38.65194,
    "stop_lon": -9.02695,
    "zone_id": "",
    "stop_url": "",
    "location_type": "",
    "parent_station": ""
  },
  {
    "stop_id": 11031187,
    "stop_code": "",
    "stop_name": "Alverca",
    "stop_desc": "",
    "stop_lat": 38.891,
    "stop_lon": -9.03312,
    "zone_id": "",
    "stop_url": "",
    "location_type": "",
    "parent_station": ""
  },
  {
    "stop_id": 11060087,
    "stop_code": "",
    "stop_name": "Amadora",
    "stop_desc": "",
    "stop_lat": 38.75989,
    "stop_lon": -9.23666,
    "zone_id": "",
    "stop_url": "",
    "location_type": "",
    "parent_station": ""
  },
  {
    "stop_id": 11033001,
    "stop_code": "",
    "stop_name": "Azambuja",
    "stop_desc": "",
    "stop_lat": 39.06548,
    "stop_lon": -8.87254,
    "zone_id": "",
    "stop_url": "",
    "location_type": "",
    "parent_station": ""
  },
  {
    "stop_id": 11095059,
    "stop_code": "",
    "stop_name": "Baixa da Banheira",
    "stop_desc": "",
    "stop_lat": 38.65868,
    "stop_lon": -9.04823,
    "zone_id": "",
    "stop_url": "",
    "location_type": "",
    "parent_station": ""
  },
  {
    "stop_id": 11095000,
    "stop_code": "",
    "stop_name": "Barreiro",
    "stop_desc": "",
    "stop_lat": 38.65313,
    "stop_lon": -9.08008,
    "zone_id": "",
    "stop_url": "",
    "location_type": "",
    "parent_station": ""
  },
  {
    "stop_id": 11095026,
    "stop_code": "",
    "stop_name": "Barreiro A",
    "stop_desc": "",
    "stop_lat": 38.66094,
    "stop_lon": -9.06862,
    "zone_id": "",
    "stop_url": "",
    "location_type": "",
    "parent_station": ""
  },
  {
    "stop_id": 11069054,
    "stop_code": "",
    "stop_name": "Belém",
    "stop_desc": "",
    "stop_lat": 38.69621,
    "stop_lon": -9.19738,
    "zone_id": "",
    "stop_url": "",
    "location_type": "",
    "parent_station": ""
  },
  {
    "stop_id": 11060046,
    "stop_code": "",
    "stop_name": "Benfica",
    "stop_desc": "",
    "stop_lat": 38.74444,
    "stop_lon": -9.19919,
    "zone_id": "",
    "stop_url": "",
    "location_type": "",
    "parent_station": ""
  },
  {
    "stop_id": 11031070,
    "stop_code": "",
    "stop_name": "Bobadela",
    "stop_desc": "",
    "stop_lat": 38.80742,
    "stop_lon": -9.09443,
    "zone_id": "",
    "stop_url": "",
    "location_type": "",
    "parent_station": ""
  },
  {
    "stop_id": 11031005,
    "stop_code": "",
    "stop_name": "Braço de Prata",
    "stop_desc": "",
    "stop_lat": 38.74669,
    "stop_lon": -9.1029,
    "zone_id": "",
    "stop_url": "",
    "location_type": "",
    "parent_station": ""
  },
  {
    "stop_id": 11069005,
    "stop_code": "",
    "stop_name": "Cais do Sodré",
    "stop_desc": "",
    "stop_lat": 38.70609,
    "stop_lon": -9.1447,
    "zone_id": "",
    "stop_url": "",
    "location_type": "",
    "parent_station": ""
  },
  {
    "stop_id": 11060004,
    "stop_code": "",
    "stop_name": "Campolide",
    "stop_desc": "",
    "stop_lat": 38.73294,
    "stop_lon": -9.1685,
    "zone_id": "",
    "stop_url": "",
    "location_type": "",
    "parent_station": ""
  },
  {
    "stop_id": 11069187,
    "stop_code": "",
    "stop_name": "Carcavelos",
    "stop_desc": "",
    "stop_lat": 38.68784,
    "stop_lon": -9.33725,
    "zone_id": "",
    "stop_url": "",
    "location_type": "",
    "parent_station": ""
  },
  {
    "stop_id": 11031336,
    "stop_code": "",
    "stop_name": "Carregado",
    "stop_desc": "",
    "stop_lat": 39.0064,
    "stop_lon": -8.95319,
    "zone_id": "",
    "stop_url": "",
    "location_type": "",
    "parent_station": ""
  },
  {
    "stop_id": 11069260,
    "stop_code": "",
    "stop_name": "Cascais",
    "stop_desc": "",
    "stop_lat": 38.70085,
    "stop_lon": -9.41792,
    "zone_id": "",
    "stop_url": "",
    "location_type": "",
    "parent_station": ""
  },
  {
    "stop_id": 11031310,
    "stop_code": "",
    "stop_name": "Castanheira do Ribatejo",
    "stop_desc": "",
    "stop_lat": 38.98747,
    "stop_lon": -8.96654,
    "zone_id": "",
    "stop_url": "",
    "location_type": "",
    "parent_station": ""
  },
  {
    "stop_id": 11069120,
    "stop_code": "",
    "stop_name": "Caxias",
    "stop_desc": "",
    "stop_lat": 38.69878,
    "stop_lon": -9.27441,
    "zone_id": "",
    "stop_url": "",
    "location_type": "",
    "parent_station": ""
  },
  {
    "stop_id": 11069104,
    "stop_code": "",
    "stop_name": "Cruz Quebrada",
    "stop_desc": "",
    "stop_lat": 38.69981,
    "stop_lon": -9.25207,
    "zone_id": "",
    "stop_url": "",
    "location_type": "",
    "parent_station": ""
  },
  {
    "stop_id": 11066050,
    "stop_code": "",
    "stop_name": "Entrecampos",
    "stop_desc": "",
    "stop_lat": 38.74402,
    "stop_lon": -9.15013,
    "zone_id": "",
    "stop_url": "",
    "location_type": "",
    "parent_station": ""
  },
  {
    "stop_id": 11031401,
    "stop_code": "",
    "stop_name": "Espadanal de Azambuja",
    "stop_desc": "",
    "stop_lat": 39.05053,
    "stop_lon": -8.90299,
    "zone_id": "",
    "stop_url": "",
    "location_type": "",
    "parent_station": ""
  },
  {
    "stop_id": 11069245,
    "stop_code": "",
    "stop_name": "Estoril",
    "stop_desc": "",
    "stop_lat": 38.70326,
    "stop_lon": -9.39855,
    "zone_id": "",
    "stop_url": "",
    "location_type": "",
    "parent_station": ""
  },
  {
    "stop_id": 11095042,
    "stop_code": "",
    "stop_name": "Lavradio",
    "stop_desc": "",
    "stop_lat": 38.66176,
    "stop_lon": -9.05612,
    "zone_id": "",
    "stop_url": "",
    "location_type": "",
    "parent_station": ""
  },
  {
    "stop_id": 11066019,
    "stop_code": "",
    "stop_name": "Marvila",
    "stop_desc": "",
    "stop_lat": 38.73949,
    "stop_lon": -9.10822,
    "zone_id": "",
    "stop_url": "",
    "location_type": "",
    "parent_station": ""
  },
  {
    "stop_id": 11060137,
    "stop_code": "",
    "stop_name": "Massamá-Barcarena",
    "stop_desc": "",
    "stop_lat": 38.75154,
    "stop_lon": -9.28402,
    "zone_id": "",
    "stop_url": "",
    "location_type": "",
    "parent_station": ""
  },
  {
    "stop_id": 11061051,
    "stop_code": "",
    "stop_name": "Mercês",
    "stop_desc": "",
    "stop_lat": 38.79224,
    "stop_lon": -9.32972,
    "zone_id": "",
    "stop_url": "",
    "location_type": "",
    "parent_station": ""
  },
  {
    "stop_id": 11062042,
    "stop_code": "",
    "stop_name": "Mira Sintra-Meleças",
    "stop_desc": "",
    "stop_lat": 38.79352,
    "stop_lon": -9.31335,
    "zone_id": "",
    "stop_url": "",
    "location_type": "",
    "parent_station": ""
  },
  {
    "stop_id": 11095109,
    "stop_code": "",
    "stop_name": "Moita",
    "stop_desc": "",
    "stop_lat": 38.64404,
    "stop_lon": -8.99177,
    "zone_id": "",
    "stop_url": "",
    "location_type": "",
    "parent_station": ""
  },
  {
    "stop_id": 11060111,
    "stop_code": "",
    "stop_name": "Monte Abraão",
    "stop_desc": "",
    "stop_lat": 38.7550077954563,
    "stop_lon": -9.26603692330478,
    "zone_id": "",
    "stop_url": "",
    "location_type": "",
    "parent_station": ""
  },
  {
    "stop_id": 11069252,
    "stop_code": "",
    "stop_name": "Monte Estoril",
    "stop_desc": "",
    "stop_lat": 38.70359,
    "stop_lon": -9.4064,
    "zone_id": "",
    "stop_url": "",
    "location_type": "",
    "parent_station": ""
  },
  {
    "stop_id": 11031047,
    "stop_code": "",
    "stop_name": "Moscavide",
    "stop_desc": "",
    "stop_lat": 38.77804,
    "stop_lon": -9.09959,
    "zone_id": "",
    "stop_url": "",
    "location_type": "",
    "parent_station": ""
  },
  {
    "stop_id": 11069179,
    "stop_code": "",
    "stop_name": "Oeiras",
    "stop_desc": "",
    "stop_lat": 38.68849,
    "stop_lon": -9.3189,
    "zone_id": "",
    "stop_url": "",
    "location_type": "",
    "parent_station": ""
  },
  {
    "stop_id": 11031039,
    "stop_code": "",
    "stop_name": "Oriente",
    "stop_desc": "",
    "stop_lat": 38.76799,
    "stop_lon": -9.09935,
    "zone_id": "",
    "stop_url": "",
    "location_type": "",
    "parent_station": ""
  },
  {
    "stop_id": 11069146,
    "stop_code": "",
    "stop_name": "Paço de Arcos",
    "stop_desc": "",
    "stop_lat": 38.69709,
    "stop_lon": -9.29048,
    "zone_id": "",
    "stop_url": "",
    "location_type": "",
    "parent_station": ""
  },
  {
    "stop_id": 11068080,
    "stop_code": "",
    "stop_name": "Palmela",
    "stop_desc": "",
    "stop_lat": 38.57109,
    "stop_lon": -8.8727,
    "zone_id": "",
    "stop_url": "",
    "location_type": "",
    "parent_station": ""
  },
  {
    "stop_id": 11069203,
    "stop_code": "",
    "stop_name": "Parede",
    "stop_desc": "",
    "stop_lat": 38.68979,
    "stop_lon": -9.35632,
    "zone_id": "",
    "stop_url": "",
    "location_type": "",
    "parent_station": ""
  },
  {
    "stop_id": 11095125,
    "stop_code": "",
    "stop_name": "Penteado",
    "stop_desc": "",
    "stop_lat": 38.63754,
    "stop_lon": -8.95411,
    "zone_id": "",
    "stop_url": "",
    "location_type": "",
    "parent_station": ""
  },
  {
    "stop_id": 11068007,
    "stop_code": "",
    "stop_name": "Pinhal Novo",
    "stop_desc": "",
    "stop_lat": 38.62986,
    "stop_lon": -8.91365,
    "zone_id": "",
    "stop_url": "",
    "location_type": "",
    "parent_station": ""
  },
  {
    "stop_id": 11061093,
    "stop_code": "",
    "stop_name": "Portela de Sintra",
    "stop_desc": "",
    "stop_lat": 38.80221,
    "stop_lon": -9.37681,
    "zone_id": "",
    "stop_url": "",
    "location_type": "",
    "parent_station": ""
  },
  {
    "stop_id": 11031146,
    "stop_code": "",
    "stop_name": "Póvoa",
    "stop_desc": "",
    "stop_lat": 38.85952,
    "stop_lon": -9.06361,
    "zone_id": "",
    "stop_url": "",
    "location_type": "",
    "parent_station": ""
  },
  {
    "stop_id": 11068130,
    "stop_code": "",
    "stop_name": "Praça do Quebedo",
    "stop_desc": "",
    "stop_lat": 38.52485,
    "stop_lon": -8.88658,
    "zone_id": "",
    "stop_url": "",
    "location_type": "",
    "parent_station": ""
  },
  {
    "stop_id": 11091058,
    "stop_code": "",
    "stop_name": "Praias do Sado A",
    "stop_desc": "",
    "stop_lat": 38.52262,
    "stop_lon": -8.82264,
    "zone_id": "",
    "stop_url": "",
    "location_type": "",
    "parent_station": ""
  },
  {
    "stop_id": 11060103,
    "stop_code": "",
    "stop_name": "Queluz-Belas",
    "stop_desc": "",
    "stop_lat": 38.75877,
    "stop_lon": -9.25659,
    "zone_id": "",
    "stop_url": "",
    "location_type": "",
    "parent_station": ""
  },
  {
    "stop_id": 11060095,
    "stop_code": "",
    "stop_name": "Reboleira",
    "stop_desc": "",
    "stop_lat": 38.7482,
    "stop_lon": -9.21713,
    "zone_id": "",
    "stop_url": "",
    "location_type": "",
    "parent_station": ""
  },
  {
    "stop_id": 11061044,
    "stop_code": "",
    "stop_name": "Rio de Mouro",
    "stop_desc": "",
    "stop_lat": 38.78464,
    "stop_lon": -9.32225,
    "zone_id": "",
    "stop_url": "",
    "location_type": "",
    "parent_station": ""
  },
  {
    "stop_id": 11066035,
    "stop_code": "",
    "stop_name": "Roma-Areeiro",
    "stop_desc": "",
    "stop_lat": 38.74581,
    "stop_lon": -9.13427,
    "zone_id": "",
    "stop_url": "",
    "location_type": "",
    "parent_station": ""
  },
  {
    "stop_id": 11059006,
    "stop_code": "",
    "stop_name": "Rossio",
    "stop_desc": "",
    "stop_lat": 38.71353,
    "stop_lon": -9.14251,
    "zone_id": "",
    "stop_url": "",
    "location_type": "",
    "parent_station": ""
  },
  {
    "stop_id": 11031062,
    "stop_code": "",
    "stop_name": "Sacavém",
    "stop_desc": "",
    "stop_lat": 38.7958,
    "stop_lon": -9.09959,
    "zone_id": "",
    "stop_url": "",
    "location_type": "",
    "parent_station": ""
  },
  {
    "stop_id": 11030007,
    "stop_code": "",
    "stop_name": "Santa Apolónia",
    "stop_desc": "",
    "stop_lat": 38.71381,
    "stop_lon": -9.12303,
    "zone_id": "",
    "stop_url": "",
    "location_type": "",
    "parent_station": ""
  },
  {
    "stop_id": 11060038,
    "stop_code": "",
    "stop_name": "Santa Cruz/Damaia",
    "stop_desc": "",
    "stop_lat": 38.74562,
    "stop_lon": -9.20791,
    "zone_id": "",
    "stop_url": "",
    "location_type": "",
    "parent_station": ""
  },
  {
    "stop_id": 11031112,
    "stop_code": "",
    "stop_name": "Santa Iria",
    "stop_desc": "",
    "stop_lat": 38.84098,
    "stop_lon": -9.08027,
    "zone_id": "",
    "stop_url": "",
    "location_type": "",
    "parent_station": ""
  },
  {
    "stop_id": 11069161,
    "stop_code": "",
    "stop_name": "Santo Amaro de Oeiras",
    "stop_desc": "",
    "stop_lat": 38.68695,
    "stop_lon": -9.31189,
    "zone_id": "",
    "stop_url": "",
    "location_type": "",
    "parent_station": ""
  },
  {
    "stop_id": 11069013,
    "stop_code": "",
    "stop_name": "Santos",
    "stop_desc": "",
    "stop_lat": 38.70622,
    "stop_lon": -9.15492,
    "zone_id": "",
    "stop_url": "",
    "location_type": "",
    "parent_station": ""
  },
  {
    "stop_id": 11069237,
    "stop_code": "",
    "stop_name": "São João do Estoril",
    "stop_desc": "",
    "stop_lat": 38.70128,
    "stop_lon": -9.38582,
    "zone_id": "",
    "stop_url": "",
    "location_type": "",
    "parent_station": ""
  },
  {
    "stop_id": 11069229,
    "stop_code": "",
    "stop_name": "São Pedro do Estoril",
    "stop_desc": "",
    "stop_lat": 38.69544,
    "stop_lon": -9.37179,
    "zone_id": "",
    "stop_url": "",
    "location_type": "",
    "parent_station": ""
  },
  {
    "stop_id": 11066076,
    "stop_code": "",
    "stop_name": "Sete Rios",
    "stop_desc": "",
    "stop_lat": 38.74039,
    "stop_lon": -9.16702,
    "zone_id": "",
    "stop_url": "",
    "location_type": "",
    "parent_station": ""
  },
  {
    "stop_id": 11068122,
    "stop_code": "",
    "stop_name": "Setúbal",
    "stop_desc": "",
    "stop_lat": 38.53069,
    "stop_lon": -8.8853,
    "zone_id": "",
    "stop_url": "",
    "location_type": "",
    "parent_station": ""
  },
  {
    "stop_id": 11061101,
    "stop_code": "",
    "stop_name": "Sintra",
    "stop_desc": "",
    "stop_lat": 38.79931,
    "stop_lon": -9.38543,
    "zone_id": "",
    "stop_url": "",
    "location_type": "",
    "parent_station": ""
  },
  {
    "stop_id": 11068049,
    "stop_code": "",
    "stop_name": "Venda do Alcaide",
    "stop_desc": "",
    "stop_lat": 38.60648,
    "stop_lon": -8.88886,
    "zone_id": "",
    "stop_url": "",
    "location_type": "",
    "parent_station": ""
  },
  {
    "stop_id": 11031278,
    "stop_code": "",
    "stop_name": "Vila Franca de Xira",
    "stop_desc": "",
    "stop_lat": 38.95597,
    "stop_lon": -8.98576,
    "zone_id": "",
    "stop_url": "",
    "location_type": "",
    "parent_station": ""
  },
  {
    "stop_id": 11031377,
    "stop_code": "",
    "stop_name": "Vila Nova da Rainha",
    "stop_desc": "",
    "stop_lat": 39.03683,
    "stop_lon": -8.92733,
    "zone_id": "",
    "stop_url": "",
    "location_type": "",
    "parent_station": ""
  }
]