[
  {
    "stop_id": "T29",
    "stop_code": "",
    "stop_name": "Barreiro",
    "stop_desc": "",
    "stop_lat": 38.65182,
    "stop_lon": -9.07972,
    "zone_id": "",
    "stop_url": "",
    "location_type": "",
    "parent_station": ""
  },
  {
    "stop_id": "T08",
    "stop_code": "",
    "stop_name": "Terreiro do Paço",
    "stop_desc": "",
    "stop_lat": 38.70684,
    "stop_lon": -9.13455,
    "zone_id": "",
    "stop_url": "",
    "location_type": "",
    "parent_station": ""
  }
]