[
  {
    "agency_id": 13,
    "route_id": 865,
    "route_short_name": "",
    "route_long_name": "Coina - Roma-Areeiro",
    "route_desc": "",
    "route_type": 2,
    "route_url": "",
    "route_color": "",
    "route_text_color": ""
  },
  {
    "agency_id": 13,
    "route_id": 866,
    "route_short_name": "",
    "route_long_name": "Roma-Areeiro - Coina",
    "route_desc": "",
    "route_type": 2,
    "route_url": "",
    "route_color": "",
    "route_text_color": ""
  },
  {
    "agency_id": 13,
    "route_id": 1078,
    "route_short_name": "",
    "route_long_name": "Setúbal - Roma-Areeiro",
    "route_desc": "",
    "route_type": 2,
    "route_url": "",
    "route_color": "",
    "route_text_color": ""
  },
  {
    "agency_id": 13,
    "route_id": 1079,
    "route_short_name": "",
    "route_long_name": "Roma-Areeiro - Setúbal",
    "route_desc": "",
    "route_type": 2,
    "route_url": "",
    "route_color": "",
    "route_text_color": ""
  }
]