[
  {
    "stop_id": "M49",
    "stop_code": "",
    "stop_name": "AEROPORTO",
    "stop_desc": "",
    "stop_lat": 38.76862,
    "stop_lon": -9.12833,
    "zone_id": "",
    "stop_url": "",
    "location_type": "",
    "parent_station": ""
  },
  {
    "stop_id": "M23",
    "stop_code": "",
    "stop_name": "ALAMEDA",
    "stop_desc": "",
    "stop_lat": 38.73696,
    "stop_lon": -9.13389,
    "zone_id": "",
    "stop_url": "",
    "location_type": "",
    "parent_station": ""
  },
  {
    "stop_id": "M43",
    "stop_code": "",
    "stop_name": "ALFORNELOS",
    "stop_desc": "",
    "stop_lat": 38.76035,
    "stop_lon": -9.20455,
    "zone_id": "",
    "stop_url": "",
    "location_type": "",
    "parent_station": ""
  },
  {
    "stop_id": "M04",
    "stop_code": "",
    "stop_name": "ALTO DOS MOINHOS",
    "stop_desc": "",
    "stop_lat": 38.74993,
    "stop_lon": -9.18007,
    "zone_id": "",
    "stop_url": "",
    "location_type": "",
    "parent_station": ""
  },
  {
    "stop_id": "M20",
    "stop_code": "",
    "stop_name": "ALVALADE",
    "stop_desc": "",
    "stop_lat": 38.75327,
    "stop_lon": -9.1441,
    "zone_id": "",
    "stop_url": "",
    "location_type": "",
    "parent_station": ""
  },
  {
    "stop_id": "M44",
    "stop_code": "",
    "stop_name": "AMADORA ESTE",
    "stop_desc": "",
    "stop_lat": 38.75855,
    "stop_lon": -9.21794,
    "zone_id": "",
    "stop_url": "",
    "location_type": "",
    "parent_station": ""
  },
  {
    "stop_id": "M40",
    "stop_code": "",
    "stop_name": "AMEIXOEIRA",
    "stop_desc": "",
    "stop_lat": 38.77953,
    "stop_lon": -9.15961,
    "zone_id": "",
    "stop_url": "",
    "location_type": "",
    "parent_station": ""
  },
  {
    "stop_id": "M25",
    "stop_code": "",
    "stop_name": "ANJOS",
    "stop_desc": "",
    "stop_lat": 38.72703,
    "stop_lon": -9.13488,
    "zone_id": "",
    "stop_url": "",
    "location_type": "",
    "parent_station": ""
  },
  {
    "stop_id": "M22",
    "stop_code": "",
    "stop_name": "AREEIRO",
    "stop_desc": "",
    "stop_lat": 38.74228,
    "stop_lon": -9.13349,
    "zone_id": "",
    "stop_url": "",
    "location_type": "",
    "parent_station": ""
  },
  {
    "stop_id": "M24",
    "stop_code": "",
    "stop_name": "ARROIOS",
    "stop_desc": "",
    "stop_lat": 38.73285,
    "stop_lon": -9.1343,
    "zone_id": "",
    "stop_url": "",
    "location_type": "",
    "parent_station": ""
  },
  {
    "stop_id": "M11",
    "stop_code": "",
    "stop_name": "AVENIDA",
    "stop_desc": "",
    "stop_lat": 38.71934,
    "stop_lon": -9.14513,
    "zone_id": "",
    "stop_url": "",
    "location_type": "",
    "parent_station": ""
  },
  {
    "stop_id": "M29",
    "stop_code": "",
    "stop_name": "BAIXA-CHIADO",
    "stop_desc": "",
    "stop_lat": 38.71041,
    "stop_lon": -9.14018,
    "zone_id": "",
    "stop_url": "",
    "location_type": "",
    "parent_station": ""
  },
  {
    "stop_id": "M32",
    "stop_code": "",
    "stop_name": "BELA VISTA",
    "stop_desc": "",
    "stop_lat": 38.7476,
    "stop_lon": -9.11772,
    "zone_id": "",
    "stop_url": "",
    "location_type": "",
    "parent_station": ""
  },
  {
    "stop_id": "M35",
    "stop_code": "",
    "stop_name": "CABO RUIVO",
    "stop_desc": "",
    "stop_lat": 38.76294,
    "stop_lon": -9.10518,
    "zone_id": "",
    "stop_url": "",
    "location_type": "",
    "parent_station": ""
  },
  {
    "stop_id": "M30",
    "stop_code": "",
    "stop_name": "CAIS DO SODRE",
    "stop_desc": "",
    "stop_lat": 38.70611,
    "stop_lon": -9.14612,
    "zone_id": "",
    "stop_url": "",
    "location_type": "",
    "parent_station": ""
  },
  {
    "stop_id": "M13",
    "stop_code": "",
    "stop_name": "CAMPO GRANDE",
    "stop_desc": "",
    "stop_lat": 38.76016,
    "stop_lon": -9.15788,
    "zone_id": "",
    "stop_url": "",
    "location_type": "",
    "parent_station": ""
  },
  {
    "stop_id": "M16",
    "stop_code": "",
    "stop_name": "CAMPO PEQUENO",
    "stop_desc": "",
    "stop_lat": 38.74079,
    "stop_lon": -9.14673,
    "zone_id": "",
    "stop_url": "",
    "location_type": "",
    "parent_station": ""
  },
  {
    "stop_id": "M02",
    "stop_code": "",
    "stop_name": "CARNIDE",
    "stop_desc": "",
    "stop_lat": 38.75901,
    "stop_lon": -9.19276,
    "zone_id": "",
    "stop_url": "",
    "location_type": "",
    "parent_station": ""
  },
  {
    "stop_id": "M33",
    "stop_code": "",
    "stop_name": "CHELAS",
    "stop_desc": "",
    "stop_lat": 38.75475,
    "stop_lon": -9.11404,
    "zone_id": "",
    "stop_url": "",
    "location_type": "",
    "parent_station": ""
  },
  {
    "stop_id": "M14",
    "stop_code": "",
    "stop_name": "CIDADE UNIVERSITÁRIA",
    "stop_desc": "",
    "stop_lat": 38.75144,
    "stop_lon": -9.15915,
    "zone_id": "",
    "stop_url": "",
    "location_type": "",
    "parent_station": ""
  },
  {
    "stop_id": "M03",
    "stop_code": "",
    "stop_name": "COLÉGIO MILITAR-LUZ",
    "stop_desc": "",
    "stop_lat": 38.75372,
    "stop_lon": -9.18987,
    "zone_id": "",
    "stop_url": "",
    "location_type": "",
    "parent_station": ""
  },
  {
    "stop_id": "M48",
    "stop_code": "",
    "stop_name": "ENCARNAÇÃO",
    "stop_desc": "",
    "stop_lat": 38.77499,
    "stop_lon": -9.11538,
    "zone_id": "",
    "stop_url": "",
    "location_type": "",
    "parent_station": ""
  },
  {
    "stop_id": "M15",
    "stop_code": "",
    "stop_name": "ENTRECAMPOS",
    "stop_desc": "",
    "stop_lat": 38.74698,
    "stop_lon": -9.14823,
    "zone_id": "",
    "stop_url": "",
    "location_type": "",
    "parent_station": ""
  },
  {
    "stop_id": "M26",
    "stop_code": "",
    "stop_name": "INTENDENTE",
    "stop_desc": "",
    "stop_lat": 38.72326,
    "stop_lon": -9.13526,
    "zone_id": "",
    "stop_url": "",
    "location_type": "",
    "parent_station": ""
  },
  {
    "stop_id": "M06",
    "stop_code": "",
    "stop_name": "JARDIM ZOOLÓGICO",
    "stop_desc": "",
    "stop_lat": 38.7412,
    "stop_lon": -9.16836,
    "zone_id": "",
    "stop_url": "",
    "location_type": "",
    "parent_station": ""
  },
  {
    "stop_id": "M05",
    "stop_code": "",
    "stop_name": "LARANJEIRAS",
    "stop_desc": "",
    "stop_lat": 38.74849,
    "stop_lon": -9.17252,
    "zone_id": "",
    "stop_url": "",
    "location_type": "",
    "parent_station": ""
  },
  {
    "stop_id": "M39",
    "stop_code": "",
    "stop_name": "LUMIAR",
    "stop_desc": "",
    "stop_lat": 38.77329,
    "stop_lon": -9.15933,
    "zone_id": "",
    "stop_url": "",
    "location_type": "",
    "parent_station": ""
  },
  {
    "stop_id": "M10",
    "stop_code": "",
    "stop_name": "MARQUÊS DE POMBAL",
    "stop_desc": "",
    "stop_lat": 38.72593,
    "stop_lon": -9.14965,
    "zone_id": "",
    "stop_url": "",
    "location_type": "",
    "parent_station": ""
  },
  {
    "stop_id": "M27",
    "stop_code": "",
    "stop_name": "MARTIM MONIZ",
    "stop_desc": "",
    "stop_lat": 38.71762,
    "stop_lon": -9.1358,
    "zone_id": "",
    "stop_url": "",
    "location_type": "",
    "parent_station": ""
  },
  {
    "stop_id": "M47",
    "stop_code": "",
    "stop_name": "MOSCAVIDE",
    "stop_desc": "",
    "stop_lat": 38.77496,
    "stop_lon": -9.10304,
    "zone_id": "",
    "stop_url": "",
    "location_type": "",
    "parent_station": ""
  },
  {
    "stop_id": "M42",
    "stop_code": "",
    "stop_name": "ODIVELAS",
    "stop_desc": "",
    "stop_lat": 38.79344,
    "stop_lon": -9.17343,
    "zone_id": "",
    "stop_url": "",
    "location_type": "",
    "parent_station": ""
  },
  {
    "stop_id": "M31",
    "stop_code": "",
    "stop_name": "OLAIAS",
    "stop_desc": "",
    "stop_lat": 38.74019,
    "stop_lon": -9.12297,
    "zone_id": "",
    "stop_url": "",
    "location_type": "",
    "parent_station": ""
  },
  {
    "stop_id": "M34",
    "stop_code": "",
    "stop_name": "OLIVAIS",
    "stop_desc": "",
    "stop_lat": 38.76084,
    "stop_lon": -9.11185,
    "zone_id": "",
    "stop_url": "",
    "location_type": "",
    "parent_station": ""
  },
  {
    "stop_id": "M36",
    "stop_code": "",
    "stop_name": "ORIENTE",
    "stop_desc": "",
    "stop_lat": 38.76786,
    "stop_lon": -9.09973,
    "zone_id": "",
    "stop_url": "",
    "location_type": "",
    "parent_station": ""
  },
  {
    "stop_id": "M09",
    "stop_code": "",
    "stop_name": "PARQUE",
    "stop_desc": "",
    "stop_lat": 38.72914,
    "stop_lon": -9.15015,
    "zone_id": "",
    "stop_url": "",
    "location_type": "",
    "parent_station": ""
  },
  {
    "stop_id": "M18",
    "stop_code": "",
    "stop_name": "PICOAS",
    "stop_desc": "",
    "stop_lat": 38.73024,
    "stop_lon": -9.14703,
    "zone_id": "",
    "stop_url": "",
    "location_type": "",
    "parent_station": ""
  },
  {
    "stop_id": "M01",
    "stop_code": "",
    "stop_name": "PONTINHA",
    "stop_desc": "",
    "stop_lat": 38.76223,
    "stop_lon": -9.19697,
    "zone_id": "",
    "stop_url": "",
    "location_type": "",
    "parent_station": ""
  },
  {
    "stop_id": "M07",
    "stop_code": "",
    "stop_name": "PRAÇA DE ESPANHA",
    "stop_desc": "",
    "stop_lat": 38.7377,
    "stop_lon": -9.15936,
    "zone_id": "",
    "stop_url": "",
    "location_type": "",
    "parent_station": ""
  },
  {
    "stop_id": "M38",
    "stop_code": "",
    "stop_name": "QUINTA DAS CONCHAS",
    "stop_desc": "",
    "stop_lat": 38.76745,
    "stop_lon": -9.15549,
    "zone_id": "",
    "stop_url": "",
    "location_type": "",
    "parent_station": ""
  },
  {
    "stop_id": "M19",
    "stop_code": "",
    "stop_name": "RATO",
    "stop_desc": "",
    "stop_lat": 38.72011,
    "stop_lon": -9.15486,
    "zone_id": "",
    "stop_url": "",
    "location_type": "",
    "parent_station": ""
  },
  {
    "stop_id": "M50",
    "stop_code": "",
    "stop_name": "REBOLEIRA",
    "stop_desc": "",
    "stop_lat": 38.75221,
    "stop_lon": -9.22414,
    "zone_id": "",
    "stop_url": "",
    "location_type": "",
    "parent_station": ""
  },
  {
    "stop_id": "M12",
    "stop_code": "",
    "stop_name": "RESTAURADORES",
    "stop_desc": "",
    "stop_lat": 38.7161,
    "stop_lon": -9.14239,
    "zone_id": "",
    "stop_url": "",
    "location_type": "",
    "parent_station": ""
  },
  {
    "stop_id": "M21",
    "stop_code": "",
    "stop_name": "ROMA",
    "stop_desc": "",
    "stop_lat": 38.74808,
    "stop_lon": -9.1413,
    "zone_id": "",
    "stop_url": "",
    "location_type": "",
    "parent_station": ""
  },
  {
    "stop_id": "M28",
    "stop_code": "",
    "stop_name": "ROSSIO",
    "stop_desc": "",
    "stop_lat": 38.71402,
    "stop_lon": -9.13796,
    "zone_id": "",
    "stop_url": "",
    "location_type": "",
    "parent_station": ""
  },
  {
    "stop_id": "M17",
    "stop_code": "",
    "stop_name": "SALDANHA",
    "stop_desc": "",
    "stop_lat": 38.73483,
    "stop_lon": -9.14528,
    "zone_id": "",
    "stop_url": "",
    "location_type": "",
    "parent_station": ""
  },
  {
    "stop_id": "M46",
    "stop_code": "",
    "stop_name": "SANTA APOLÓNIA",
    "stop_desc": "",
    "stop_lat": 38.71378,
    "stop_lon": -9.12212,
    "zone_id": "",
    "stop_url": "",
    "location_type": "",
    "parent_station": ""
  },
  {
    "stop_id": "M08",
    "stop_code": "",
    "stop_name": "SÃO SEBASTIÃO",
    "stop_desc": "",
    "stop_lat": 38.734,
    "stop_lon": -9.15365,
    "zone_id": "",
    "stop_url": "",
    "location_type": "",
    "parent_station": ""
  },
  {
    "stop_id": "M41",
    "stop_code": "",
    "stop_name": "SR. ROUBADO",
    "stop_desc": "",
    "stop_lat": 38.78576,
    "stop_lon": -9.1719,
    "zone_id": "",
    "stop_url": "",
    "location_type": "",
    "parent_station": ""
  },
  {
    "stop_id": "M37",
    "stop_code": "",
    "stop_name": "TELHEIRAS",
    "stop_desc": "",
    "stop_lat": 38.76017,
    "stop_lon": -9.16609,
    "zone_id": "",
    "stop_url": "",
    "location_type": "",
    "parent_station": ""
  },
  {
    "stop_id": "M45",
    "stop_code": "",
    "stop_name": "TERREIRO DO PAÇO",
    "stop_desc": "",
    "stop_lat": 38.70722,
    "stop_lon": -9.13286,
    "zone_id": "",
    "stop_url": "",
    "location_type": "",
    "parent_station": ""
  }
]