[
  {
    "route_id": 863,
    "service_id": 5905457,
    "trip_id": 5905457,
    "trip_headsign": "",
    "direction_id": "",
    "block_id": "",
    "shape_id": 863
  },
  {
    "route_id": 863,
    "service_id": 5905459,
    "trip_id": 5905459,
    "trip_headsign": "",
    "direction_id": "",
    "block_id": "",
    "shape_id": 863
  },
  {
    "route_id": 863,
    "service_id": 5905461,
    "trip_id": 5905461,
    "trip_headsign": "",
    "direction_id": "",
    "block_id": "",
    "shape_id": 863
  },
  {
    "route_id": 863,
    "service_id": 5905463,
    "trip_id": 5905463,
    "trip_headsign": "",
    "direction_id": "",
    "block_id": "",
    "shape_id": 863
  },
  {
    "route_id": 863,
    "service_id": 5905465,
    "trip_id": 5905465,
    "trip_headsign": "",
    "direction_id": "",
    "block_id": "",
    "shape_id": 863
  },
  {
    "route_id": 863,
    "service_id": 5905467,
    "trip_id": 5905467,
    "trip_headsign": "",
    "direction_id": "",
    "block_id": "",
    "shape_id": 863
  },
  {
    "route_id": 863,
    "service_id": 5905469,
    "trip_id": 5905469,
    "trip_headsign": "",
    "direction_id": "",
    "block_id": "",
    "shape_id": 863
  },
  {
    "route_id": 863,
    "service_id": 5905471,
    "trip_id": 5905471,
    "trip_headsign": "",
    "direction_id": "",
    "block_id": "",
    "shape_id": 863
  },
  {
    "route_id": 863,
    "service_id": 5905473,
    "trip_id": 5905473,
    "trip_headsign": "",
    "direction_id": "",
    "block_id": "",
    "shape_id": 863
  },
  {
    "route_id": 863,
    "service_id": 5905475,
    "trip_id": 5905475,
    "trip_headsign": "",
    "direction_id": "",
    "block_id": "",
    "shape_id": 863
  },
  {
    "route_id": 863,
    "service_id": 5905477,
    "trip_id": 5905477,
    "trip_headsign": "",
    "direction_id": "",
    "block_id": "",
    "shape_id": 863
  },
  {
    "route_id": 863,
    "service_id": 5905381,
    "trip_id": 5905381,
    "trip_headsign": "",
    "direction_id": "",
    "block_id": "",
    "shape_id": 863
  },
  {
    "route_id": 863,
    "service_id": 5905383,
    "trip_id": 5905383,
    "trip_headsign": "",
    "direction_id": "",
    "block_id": "",
    "shape_id": 863
  },
  {
    "route_id": 863,
    "service_id": 5905385,
    "trip_id": 5905385,
    "trip_headsign": "",
    "direction_id": "",
    "block_id": "",
    "shape_id": 863
  },
  {
    "route_id": 863,
    "service_id": 5905387,
    "trip_id": 5905387,
    "trip_headsign": "",
    "direction_id": "",
    "block_id": "",
    "shape_id": 863
  },
  {
    "route_id": 863,
    "service_id": 5905389,
    "trip_id": 5905389,
    "trip_headsign": "",
    "direction_id": "",
    "block_id": "",
    "shape_id": 863
  },
  {
    "route_id": 863,
    "service_id": 5905391,
    "trip_id": 5905391,
    "trip_headsign": "",
    "direction_id": "",
    "block_id": "",
    "shape_id": 863
  },
  {
    "route_id": 863,
    "service_id": 5905393,
    "trip_id": 5905393,
    "trip_headsign": "",
    "direction_id": "",
    "block_id": "",
    "shape_id": 863
  },
  {
    "route_id": 863,
    "service_id": 5905395,
    "trip_id": 5905395,
    "trip_headsign": "",
    "direction_id": "",
    "block_id": "",
    "shape_id": 863
  },
  {
    "route_id": 863,
    "service_id": 5905397,
    "trip_id": 5905397,
    "trip_headsign": "",
    "direction_id": "",
    "block_id": "",
    "shape_id": 863
  },
  {
    "route_id": 863,
    "service_id": 5905399,
    "trip_id": 5905399,
    "trip_headsign": "",
    "direction_id": "",
    "block_id": "",
    "shape_id": 863
  },
  {
    "route_id": 863,
    "service_id": 5905401,
    "trip_id": 5905401,
    "trip_headsign": "",
    "direction_id": "",
    "block_id": "",
    "shape_id": 863
  },
  {
    "route_id": 863,
    "service_id": 5905403,
    "trip_id": 5905403,
    "trip_headsign": "",
    "direction_id": "",
    "block_id": "",
    "shape_id": 863
  },
  {
    "route_id": 863,
    "service_id": 5905405,
    "trip_id": 5905405,
    "trip_headsign": "",
    "direction_id": "",
    "block_id": "",
    "shape_id": 863
  },
  {
    "route_id": 863,
    "service_id": 5905407,
    "trip_id": 5905407,
    "trip_headsign": "",
    "direction_id": "",
    "block_id": "",
    "shape_id": 863
  },
  {
    "route_id": 863,
    "service_id": 5905409,
    "trip_id": 5905409,
    "trip_headsign": "",
    "direction_id": "",
    "block_id": "",
    "shape_id": 863
  },
  {
    "route_id": 863,
    "service_id": 5905411,
    "trip_id": 5905411,
    "trip_headsign": "",
    "direction_id": "",
    "block_id": "",
    "shape_id": 863
  },
  {
    "route_id": 863,
    "service_id": 5905413,
    "trip_id": 5905413,
    "trip_headsign": "",
    "direction_id": "",
    "block_id": "",
    "shape_id": 863
  },
  {
    "route_id": 863,
    "service_id": 5905415,
    "trip_id": 5905415,
    "trip_headsign": "",
    "direction_id": "",
    "block_id": "",
    "shape_id": 863
  },
  {
    "route_id": 863,
    "service_id": 5905417,
    "trip_id": 5905417,
    "trip_headsign": "",
    "direction_id": "",
    "block_id": "",
    "shape_id": 863
  },
  {
    "route_id": 863,
    "service_id": 5905418,
    "trip_id": 5905418,
    "trip_headsign": "",
    "direction_id": "",
    "block_id": "",
    "shape_id": 863
  },
  {
    "route_id": 863,
    "service_id": 5905420,
    "trip_id": 5905420,
    "trip_headsign": "",
    "direction_id": "",
    "block_id": "",
    "shape_id": 863
  },
  {
    "route_id": 863,
    "service_id": 5905422,
    "trip_id": 5905422,
    "trip_headsign": "",
    "direction_id": "",
    "block_id": "",
    "shape_id": 863
  },
  {
    "route_id": 863,
    "service_id": 5905424,
    "trip_id": 5905424,
    "trip_headsign": "",
    "direction_id": "",
    "block_id": "",
    "shape_id": 863
  },
  {
    "route_id": 863,
    "service_id": 5905425,
    "trip_id": 5905425,
    "trip_headsign": "",
    "direction_id": "",
    "block_id": "",
    "shape_id": 863
  },
  {
    "route_id": 863,
    "service_id": 5905427,
    "trip_id": 5905427,
    "trip_headsign": "",
    "direction_id": "",
    "block_id": "",
    "shape_id": 863
  },
  {
    "route_id": 863,
    "service_id": 5905429,
    "trip_id": 5905429,
    "trip_headsign": "",
    "direction_id": "",
    "block_id": "",
    "shape_id": 863
  },
  {
    "route_id": 863,
    "service_id": 5905431,
    "trip_id": 5905431,
    "trip_headsign": "",
    "direction_id": "",
    "block_id": "",
    "shape_id": 863
  },
  {
    "route_id": 863,
    "service_id": 5905433,
    "trip_id": 5905433,
    "trip_headsign": "",
    "direction_id": "",
    "block_id": "",
    "shape_id": 863
  },
  {
    "route_id": 863,
    "service_id": 5905435,
    "trip_id": 5905435,
    "trip_headsign": "",
    "direction_id": "",
    "block_id": "",
    "shape_id": 863
  },
  {
    "route_id": 863,
    "service_id": 5905437,
    "trip_id": 5905437,
    "trip_headsign": "",
    "direction_id": "",
    "block_id": "",
    "shape_id": 863
  },
  {
    "route_id": 863,
    "service_id": 5905439,
    "trip_id": 5905439,
    "trip_headsign": "",
    "direction_id": "",
    "block_id": "",
    "shape_id": 863
  },
  {
    "route_id": 863,
    "service_id": 5905441,
    "trip_id": 5905441,
    "trip_headsign": "",
    "direction_id": "",
    "block_id": "",
    "shape_id": 863
  },
  {
    "route_id": 863,
    "service_id": 5905443,
    "trip_id": 5905443,
    "trip_headsign": "",
    "direction_id": "",
    "block_id": "",
    "shape_id": 863
  },
  {
    "route_id": 863,
    "service_id": 5905445,
    "trip_id": 5905445,
    "trip_headsign": "",
    "direction_id": "",
    "block_id": "",
    "shape_id": 863
  },
  {
    "route_id": 863,
    "service_id": 5905447,
    "trip_id": 5905447,
    "trip_headsign": "",
    "direction_id": "",
    "block_id": "",
    "shape_id": 863
  },
  {
    "route_id": 863,
    "service_id": 5905449,
    "trip_id": 5905449,
    "trip_headsign": "",
    "direction_id": "",
    "block_id": "",
    "shape_id": 863
  },
  {
    "route_id": 863,
    "service_id": 5905451,
    "trip_id": 5905451,
    "trip_headsign": "",
    "direction_id": "",
    "block_id": "",
    "shape_id": 863
  },
  {
    "route_id": 863,
    "service_id": 5905453,
    "trip_id": 5905453,
    "trip_headsign": "",
    "direction_id": "",
    "block_id": "",
    "shape_id": 863
  },
  {
    "route_id": 863,
    "service_id": 5905479,
    "trip_id": 5905479,
    "trip_headsign": "",
    "direction_id": "",
    "block_id": "",
    "shape_id": 863
  },
  {
    "route_id": 863,
    "service_id": 5905481,
    "trip_id": 5905481,
    "trip_headsign": "",
    "direction_id": "",
    "block_id": "",
    "shape_id": 863
  },
  {
    "route_id": 863,
    "service_id": 5905483,
    "trip_id": 5905483,
    "trip_headsign": "",
    "direction_id": "",
    "block_id": "",
    "shape_id": 863
  },
  {
    "route_id": 863,
    "service_id": 5905485,
    "trip_id": 5905485,
    "trip_headsign": "",
    "direction_id": "",
    "block_id": "",
    "shape_id": 863
  },
  {
    "route_id": 863,
    "service_id": 5905487,
    "trip_id": 5905487,
    "trip_headsign": "",
    "direction_id": "",
    "block_id": "",
    "shape_id": 863
  },
  {
    "route_id": 863,
    "service_id": 5905489,
    "trip_id": 5905489,
    "trip_headsign": "",
    "direction_id": "",
    "block_id": "",
    "shape_id": 863
  },
  {
    "route_id": 863,
    "service_id": 5905491,
    "trip_id": 5905491,
    "trip_headsign": "",
    "direction_id": "",
    "block_id": "",
    "shape_id": 863
  },
  {
    "route_id": 863,
    "service_id": 5905493,
    "trip_id": 5905493,
    "trip_headsign": "",
    "direction_id": "",
    "block_id": "",
    "shape_id": 863
  },
  {
    "route_id": 863,
    "service_id": 5905495,
    "trip_id": 5905495,
    "trip_headsign": "",
    "direction_id": "",
    "block_id": "",
    "shape_id": 863
  },
  {
    "route_id": 863,
    "service_id": 5905497,
    "trip_id": 5905497,
    "trip_headsign": "",
    "direction_id": "",
    "block_id": "",
    "shape_id": 863
  },
  {
    "route_id": 863,
    "service_id": 5905499,
    "trip_id": 5905499,
    "trip_headsign": "",
    "direction_id": "",
    "block_id": "",
    "shape_id": 863
  },
  {
    "route_id": 863,
    "service_id": 5905501,
    "trip_id": 5905501,
    "trip_headsign": "",
    "direction_id": "",
    "block_id": "",
    "shape_id": 863
  },
  {
    "route_id": 863,
    "service_id": 5905503,
    "trip_id": 5905503,
    "trip_headsign": "",
    "direction_id": "",
    "block_id": "",
    "shape_id": 863
  },
  {
    "route_id": 863,
    "service_id": 5905505,
    "trip_id": 5905505,
    "trip_headsign": "",
    "direction_id": "",
    "block_id": "",
    "shape_id": 863
  },
  {
    "route_id": 863,
    "service_id": 5905507,
    "trip_id": 5905507,
    "trip_headsign": "",
    "direction_id": "",
    "block_id": "",
    "shape_id": 863
  },
  {
    "route_id": 863,
    "service_id": 5905509,
    "trip_id": 5905509,
    "trip_headsign": "",
    "direction_id": "",
    "block_id": "",
    "shape_id": 863
  },
  {
    "route_id": 863,
    "service_id": 5905511,
    "trip_id": 5905511,
    "trip_headsign": "",
    "direction_id": "",
    "block_id": "",
    "shape_id": 863
  },
  {
    "route_id": 863,
    "service_id": 5905513,
    "trip_id": 5905513,
    "trip_headsign": "",
    "direction_id": "",
    "block_id": "",
    "shape_id": 863
  },
  {
    "route_id": 863,
    "service_id": 5905515,
    "trip_id": 5905515,
    "trip_headsign": "",
    "direction_id": "",
    "block_id": "",
    "shape_id": 863
  },
  {
    "route_id": 863,
    "service_id": 5905517,
    "trip_id": 5905517,
    "trip_headsign": "",
    "direction_id": "",
    "block_id": "",
    "shape_id": 863
  },
  {
    "route_id": 863,
    "service_id": 5905519,
    "trip_id": 5905519,
    "trip_headsign": "",
    "direction_id": "",
    "block_id": "",
    "shape_id": 863
  },
  {
    "route_id": 863,
    "service_id": 5905521,
    "trip_id": 5905521,
    "trip_headsign": "",
    "direction_id": "",
    "block_id": "",
    "shape_id": 863
  },
  {
    "route_id": 863,
    "service_id": 5905523,
    "trip_id": 5905523,
    "trip_headsign": "",
    "direction_id": "",
    "block_id": "",
    "shape_id": 863
  },
  {
    "route_id": 863,
    "service_id": 5905525,
    "trip_id": 5905525,
    "trip_headsign": "",
    "direction_id": "",
    "block_id": "",
    "shape_id": 863
  },
  {
    "route_id": 863,
    "service_id": 5905455,
    "trip_id": 5905455,
    "trip_headsign": "",
    "direction_id": "",
    "block_id": "",
    "shape_id": 863
  },
  {
    "route_id": 863,
    "service_id": 5905581,
    "trip_id": 5905581,
    "trip_headsign": "",
    "direction_id": "",
    "block_id": "",
    "shape_id": 863
  },
  {
    "route_id": 863,
    "service_id": 5905583,
    "trip_id": 5905583,
    "trip_headsign": "",
    "direction_id": "",
    "block_id": "",
    "shape_id": 863
  },
  {
    "route_id": 863,
    "service_id": 5905585,
    "trip_id": 5905585,
    "trip_headsign": "",
    "direction_id": "",
    "block_id": "",
    "shape_id": 863
  },
  {
    "route_id": 863,
    "service_id": 5905587,
    "trip_id": 5905587,
    "trip_headsign": "",
    "direction_id": "",
    "block_id": "",
    "shape_id": 863
  },
  {
    "route_id": 863,
    "service_id": 5905589,
    "trip_id": 5905589,
    "trip_headsign": "",
    "direction_id": "",
    "block_id": "",
    "shape_id": 863
  },
  {
    "route_id": 863,
    "service_id": 5905527,
    "trip_id": 5905527,
    "trip_headsign": "",
    "direction_id": "",
    "block_id": "",
    "shape_id": 863
  },
  {
    "route_id": 863,
    "service_id": 5905529,
    "trip_id": 5905529,
    "trip_headsign": "",
    "direction_id": "",
    "block_id": "",
    "shape_id": 863
  },
  {
    "route_id": 863,
    "service_id": 5905531,
    "trip_id": 5905531,
    "trip_headsign": "",
    "direction_id": "",
    "block_id": "",
    "shape_id": 863
  },
  {
    "route_id": 863,
    "service_id": 5905533,
    "trip_id": 5905533,
    "trip_headsign": "",
    "direction_id": "",
    "block_id": "",
    "shape_id": 863
  },
  {
    "route_id": 863,
    "service_id": 5905535,
    "trip_id": 5905535,
    "trip_headsign": "",
    "direction_id": "",
    "block_id": "",
    "shape_id": 863
  },
  {
    "route_id": 863,
    "service_id": 5905537,
    "trip_id": 5905537,
    "trip_headsign": "",
    "direction_id": "",
    "block_id": "",
    "shape_id": 863
  },
  {
    "route_id": 863,
    "service_id": 5905539,
    "trip_id": 5905539,
    "trip_headsign": "",
    "direction_id": "",
    "block_id": "",
    "shape_id": 863
  },
  {
    "route_id": 863,
    "service_id": 5905541,
    "trip_id": 5905541,
    "trip_headsign": "",
    "direction_id": "",
    "block_id": "",
    "shape_id": 863
  },
  {
    "route_id": 863,
    "service_id": 5905543,
    "trip_id": 5905543,
    "trip_headsign": "",
    "direction_id": "",
    "block_id": "",
    "shape_id": 863
  },
  {
    "route_id": 863,
    "service_id": 5905545,
    "trip_id": 5905545,
    "trip_headsign": "",
    "direction_id": "",
    "block_id": "",
    "shape_id": 863
  },
  {
    "route_id": 863,
    "service_id": 5905547,
    "trip_id": 5905547,
    "trip_headsign": "",
    "direction_id": "",
    "block_id": "",
    "shape_id": 863
  },
  {
    "route_id": 863,
    "service_id": 5905549,
    "trip_id": 5905549,
    "trip_headsign": "",
    "direction_id": "",
    "block_id": "",
    "shape_id": 863
  },
  {
    "route_id": 863,
    "service_id": 5905551,
    "trip_id": 5905551,
    "trip_headsign": "",
    "direction_id": "",
    "block_id": "",
    "shape_id": 863
  },
  {
    "route_id": 863,
    "service_id": 5905553,
    "trip_id": 5905553,
    "trip_headsign": "",
    "direction_id": "",
    "block_id": "",
    "shape_id": 863
  },
  {
    "route_id": 863,
    "service_id": 5905555,
    "trip_id": 5905555,
    "trip_headsign": "",
    "direction_id": "",
    "block_id": "",
    "shape_id": 863
  },
  {
    "route_id": 863,
    "service_id": 5905557,
    "trip_id": 5905557,
    "trip_headsign": "",
    "direction_id": "",
    "block_id": "",
    "shape_id": 863
  },
  {
    "route_id": 863,
    "service_id": 5905559,
    "trip_id": 5905559,
    "trip_headsign": "",
    "direction_id": "",
    "block_id": "",
    "shape_id": 863
  },
  {
    "route_id": 863,
    "service_id": 5905561,
    "trip_id": 5905561,
    "trip_headsign": "",
    "direction_id": "",
    "block_id": "",
    "shape_id": 863
  },
  {
    "route_id": 863,
    "service_id": 5905563,
    "trip_id": 5905563,
    "trip_headsign": "",
    "direction_id": "",
    "block_id": "",
    "shape_id": 863
  },
  {
    "route_id": 863,
    "service_id": 5905565,
    "trip_id": 5905565,
    "trip_headsign": "",
    "direction_id": "",
    "block_id": "",
    "shape_id": 863
  },
  {
    "route_id": 863,
    "service_id": 5905567,
    "trip_id": 5905567,
    "trip_headsign": "",
    "direction_id": "",
    "block_id": "",
    "shape_id": 863
  },
  {
    "route_id": 863,
    "service_id": 5905569,
    "trip_id": 5905569,
    "trip_headsign": "",
    "direction_id": "",
    "block_id": "",
    "shape_id": 863
  },
  {
    "route_id": 863,
    "service_id": 5905571,
    "trip_id": 5905571,
    "trip_headsign": "",
    "direction_id": "",
    "block_id": "",
    "shape_id": 863
  },
  {
    "route_id": 863,
    "service_id": 5905573,
    "trip_id": 5905573,
    "trip_headsign": "",
    "direction_id": "",
    "block_id": "",
    "shape_id": 863
  },
  {
    "route_id": 863,
    "service_id": 5905575,
    "trip_id": 5905575,
    "trip_headsign": "",
    "direction_id": "",
    "block_id": "",
    "shape_id": 863
  },
  {
    "route_id": 863,
    "service_id": 5905577,
    "trip_id": 5905577,
    "trip_headsign": "",
    "direction_id": "",
    "block_id": "",
    "shape_id": 863
  },
  {
    "route_id": 863,
    "service_id": 5905579,
    "trip_id": 5905579,
    "trip_headsign": "",
    "direction_id": "",
    "block_id": "",
    "shape_id": 863
  },
  {
    "route_id": 863,
    "service_id": 5905635,
    "trip_id": 5905635,
    "trip_headsign": "",
    "direction_id": "",
    "block_id": "",
    "shape_id": 863
  },
  {
    "route_id": 863,
    "service_id": 5905637,
    "trip_id": 5905637,
    "trip_headsign": "",
    "direction_id": "",
    "block_id": "",
    "shape_id": 863
  },
  {
    "route_id": 863,
    "service_id": 5905639,
    "trip_id": 5905639,
    "trip_headsign": "",
    "direction_id": "",
    "block_id": "",
    "shape_id": 863
  },
  {
    "route_id": 863,
    "service_id": 5905641,
    "trip_id": 5905641,
    "trip_headsign": "",
    "direction_id": "",
    "block_id": "",
    "shape_id": 863
  },
  {
    "route_id": 863,
    "service_id": 5905643,
    "trip_id": 5905643,
    "trip_headsign": "",
    "direction_id": "",
    "block_id": "",
    "shape_id": 863
  },
  {
    "route_id": 863,
    "service_id": 5905645,
    "trip_id": 5905645,
    "trip_headsign": "",
    "direction_id": "",
    "block_id": "",
    "shape_id": 863
  },
  {
    "route_id": 863,
    "service_id": 5905647,
    "trip_id": 5905647,
    "trip_headsign": "",
    "direction_id": "",
    "block_id": "",
    "shape_id": 863
  },
  {
    "route_id": 863,
    "service_id": 5905601,
    "trip_id": 5905601,
    "trip_headsign": "",
    "direction_id": "",
    "block_id": "",
    "shape_id": 863
  },
  {
    "route_id": 863,
    "service_id": 5905603,
    "trip_id": 5905603,
    "trip_headsign": "",
    "direction_id": "",
    "block_id": "",
    "shape_id": 863
  },
  {
    "route_id": 863,
    "service_id": 5905605,
    "trip_id": 5905605,
    "trip_headsign": "",
    "direction_id": "",
    "block_id": "",
    "shape_id": 863
  },
  {
    "route_id": 863,
    "service_id": 5905607,
    "trip_id": 5905607,
    "trip_headsign": "",
    "direction_id": "",
    "block_id": "",
    "shape_id": 863
  },
  {
    "route_id": 863,
    "service_id": 5905609,
    "trip_id": 5905609,
    "trip_headsign": "",
    "direction_id": "",
    "block_id": "",
    "shape_id": 863
  },
  {
    "route_id": 863,
    "service_id": 5905611,
    "trip_id": 5905611,
    "trip_headsign": "",
    "direction_id": "",
    "block_id": "",
    "shape_id": 863
  },
  {
    "route_id": 863,
    "service_id": 5905613,
    "trip_id": 5905613,
    "trip_headsign": "",
    "direction_id": "",
    "block_id": "",
    "shape_id": 863
  },
  {
    "route_id": 863,
    "service_id": 5905615,
    "trip_id": 5905615,
    "trip_headsign": "",
    "direction_id": "",
    "block_id": "",
    "shape_id": 863
  },
  {
    "route_id": 863,
    "service_id": 5905617,
    "trip_id": 5905617,
    "trip_headsign": "",
    "direction_id": "",
    "block_id": "",
    "shape_id": 863
  },
  {
    "route_id": 863,
    "service_id": 5905619,
    "trip_id": 5905619,
    "trip_headsign": "",
    "direction_id": "",
    "block_id": "",
    "shape_id": 863
  },
  {
    "route_id": 863,
    "service_id": 5905621,
    "trip_id": 5905621,
    "trip_headsign": "",
    "direction_id": "",
    "block_id": "",
    "shape_id": 863
  },
  {
    "route_id": 863,
    "service_id": 5905623,
    "trip_id": 5905623,
    "trip_headsign": "",
    "direction_id": "",
    "block_id": "",
    "shape_id": 863
  },
  {
    "route_id": 863,
    "service_id": 5905625,
    "trip_id": 5905625,
    "trip_headsign": "",
    "direction_id": "",
    "block_id": "",
    "shape_id": 863
  },
  {
    "route_id": 863,
    "service_id": 5905627,
    "trip_id": 5905627,
    "trip_headsign": "",
    "direction_id": "",
    "block_id": "",
    "shape_id": 863
  },
  {
    "route_id": 863,
    "service_id": 5905591,
    "trip_id": 5905591,
    "trip_headsign": "",
    "direction_id": "",
    "block_id": "",
    "shape_id": 863
  },
  {
    "route_id": 863,
    "service_id": 5905593,
    "trip_id": 5905593,
    "trip_headsign": "",
    "direction_id": "",
    "block_id": "",
    "shape_id": 863
  },
  {
    "route_id": 863,
    "service_id": 5905595,
    "trip_id": 5905595,
    "trip_headsign": "",
    "direction_id": "",
    "block_id": "",
    "shape_id": 863
  },
  {
    "route_id": 863,
    "service_id": 5905597,
    "trip_id": 5905597,
    "trip_headsign": "",
    "direction_id": "",
    "block_id": "",
    "shape_id": 863
  },
  {
    "route_id": 863,
    "service_id": 5905599,
    "trip_id": 5905599,
    "trip_headsign": "",
    "direction_id": "",
    "block_id": "",
    "shape_id": 863
  },
  {
    "route_id": 863,
    "service_id": 5905629,
    "trip_id": 5905629,
    "trip_headsign": "",
    "direction_id": "",
    "block_id": "",
    "shape_id": 863
  },
  {
    "route_id": 863,
    "service_id": 5905631,
    "trip_id": 5905631,
    "trip_headsign": "",
    "direction_id": "",
    "block_id": "",
    "shape_id": 863
  },
  {
    "route_id": 863,
    "service_id": 5905633,
    "trip_id": 5905633,
    "trip_headsign": "",
    "direction_id": "",
    "block_id": "",
    "shape_id": 863
  },
  {
    "route_id": 864,
    "service_id": 5905478,
    "trip_id": 5905478,
    "trip_headsign": "",
    "direction_id": "",
    "block_id": "",
    "shape_id": 864
  },
  {
    "route_id": 864,
    "service_id": 5905456,
    "trip_id": 5905456,
    "trip_headsign": "",
    "direction_id": "",
    "block_id": "",
    "shape_id": 864
  },
  {
    "route_id": 864,
    "service_id": 5905458,
    "trip_id": 5905458,
    "trip_headsign": "",
    "direction_id": "",
    "block_id": "",
    "shape_id": 864
  },
  {
    "route_id": 864,
    "service_id": 5905460,
    "trip_id": 5905460,
    "trip_headsign": "",
    "direction_id": "",
    "block_id": "",
    "shape_id": 864
  },
  {
    "route_id": 864,
    "service_id": 5905462,
    "trip_id": 5905462,
    "trip_headsign": "",
    "direction_id": "",
    "block_id": "",
    "shape_id": 864
  },
  {
    "route_id": 864,
    "service_id": 5905464,
    "trip_id": 5905464,
    "trip_headsign": "",
    "direction_id": "",
    "block_id": "",
    "shape_id": 864
  },
  {
    "route_id": 864,
    "service_id": 5905466,
    "trip_id": 5905466,
    "trip_headsign": "",
    "direction_id": "",
    "block_id": "",
    "shape_id": 864
  },
  {
    "route_id": 864,
    "service_id": 5905468,
    "trip_id": 5905468,
    "trip_headsign": "",
    "direction_id": "",
    "block_id": "",
    "shape_id": 864
  },
  {
    "route_id": 864,
    "service_id": 5905470,
    "trip_id": 5905470,
    "trip_headsign": "",
    "direction_id": "",
    "block_id": "",
    "shape_id": 864
  },
  {
    "route_id": 864,
    "service_id": 5905472,
    "trip_id": 5905472,
    "trip_headsign": "",
    "direction_id": "",
    "block_id": "",
    "shape_id": 864
  },
  {
    "route_id": 864,
    "service_id": 5905474,
    "trip_id": 5905474,
    "trip_headsign": "",
    "direction_id": "",
    "block_id": "",
    "shape_id": 864
  },
  {
    "route_id": 864,
    "service_id": 5905476,
    "trip_id": 5905476,
    "trip_headsign": "",
    "direction_id": "",
    "block_id": "",
    "shape_id": 864
  },
  {
    "route_id": 864,
    "service_id": 5905382,
    "trip_id": 5905382,
    "trip_headsign": "",
    "direction_id": "",
    "block_id": "",
    "shape_id": 864
  },
  {
    "route_id": 864,
    "service_id": 5905384,
    "trip_id": 5905384,
    "trip_headsign": "",
    "direction_id": "",
    "block_id": "",
    "shape_id": 864
  },
  {
    "route_id": 864,
    "service_id": 5905386,
    "trip_id": 5905386,
    "trip_headsign": "",
    "direction_id": "",
    "block_id": "",
    "shape_id": 864
  },
  {
    "route_id": 864,
    "service_id": 5905388,
    "trip_id": 5905388,
    "trip_headsign": "",
    "direction_id": "",
    "block_id": "",
    "shape_id": 864
  },
  {
    "route_id": 864,
    "service_id": 5905390,
    "trip_id": 5905390,
    "trip_headsign": "",
    "direction_id": "",
    "block_id": "",
    "shape_id": 864
  },
  {
    "route_id": 864,
    "service_id": 5905392,
    "trip_id": 5905392,
    "trip_headsign": "",
    "direction_id": "",
    "block_id": "",
    "shape_id": 864
  },
  {
    "route_id": 864,
    "service_id": 5905394,
    "trip_id": 5905394,
    "trip_headsign": "",
    "direction_id": "",
    "block_id": "",
    "shape_id": 864
  },
  {
    "route_id": 864,
    "service_id": 5905396,
    "trip_id": 5905396,
    "trip_headsign": "",
    "direction_id": "",
    "block_id": "",
    "shape_id": 864
  },
  {
    "route_id": 864,
    "service_id": 5905398,
    "trip_id": 5905398,
    "trip_headsign": "",
    "direction_id": "",
    "block_id": "",
    "shape_id": 864
  },
  {
    "route_id": 864,
    "service_id": 5905400,
    "trip_id": 5905400,
    "trip_headsign": "",
    "direction_id": "",
    "block_id": "",
    "shape_id": 864
  },
  {
    "route_id": 864,
    "service_id": 5905402,
    "trip_id": 5905402,
    "trip_headsign": "",
    "direction_id": "",
    "block_id": "",
    "shape_id": 864
  },
  {
    "route_id": 864,
    "service_id": 5905404,
    "trip_id": 5905404,
    "trip_headsign": "",
    "direction_id": "",
    "block_id": "",
    "shape_id": 864
  },
  {
    "route_id": 864,
    "service_id": 5905406,
    "trip_id": 5905406,
    "trip_headsign": "",
    "direction_id": "",
    "block_id": "",
    "shape_id": 864
  },
  {
    "route_id": 864,
    "service_id": 5905408,
    "trip_id": 5905408,
    "trip_headsign": "",
    "direction_id": "",
    "block_id": "",
    "shape_id": 864
  },
  {
    "route_id": 864,
    "service_id": 5905410,
    "trip_id": 5905410,
    "trip_headsign": "",
    "direction_id": "",
    "block_id": "",
    "shape_id": 864
  },
  {
    "route_id": 864,
    "service_id": 5905412,
    "trip_id": 5905412,
    "trip_headsign": "",
    "direction_id": "",
    "block_id": "",
    "shape_id": 864
  },
  {
    "route_id": 864,
    "service_id": 5905414,
    "trip_id": 5905414,
    "trip_headsign": "",
    "direction_id": "",
    "block_id": "",
    "shape_id": 864
  },
  {
    "route_id": 864,
    "service_id": 5905416,
    "trip_id": 5905416,
    "trip_headsign": "",
    "direction_id": "",
    "block_id": "",
    "shape_id": 864
  },
  {
    "route_id": 864,
    "service_id": 5905419,
    "trip_id": 5905419,
    "trip_headsign": "",
    "direction_id": "",
    "block_id": "",
    "shape_id": 864
  },
  {
    "route_id": 864,
    "service_id": 5905421,
    "trip_id": 5905421,
    "trip_headsign": "",
    "direction_id": "",
    "block_id": "",
    "shape_id": 864
  },
  {
    "route_id": 864,
    "service_id": 5905423,
    "trip_id": 5905423,
    "trip_headsign": "",
    "direction_id": "",
    "block_id": "",
    "shape_id": 864
  },
  {
    "route_id": 864,
    "service_id": 5905426,
    "trip_id": 5905426,
    "trip_headsign": "",
    "direction_id": "",
    "block_id": "",
    "shape_id": 864
  },
  {
    "route_id": 864,
    "service_id": 5905428,
    "trip_id": 5905428,
    "trip_headsign": "",
    "direction_id": "",
    "block_id": "",
    "shape_id": 864
  },
  {
    "route_id": 864,
    "service_id": 5905430,
    "trip_id": 5905430,
    "trip_headsign": "",
    "direction_id": "",
    "block_id": "",
    "shape_id": 864
  },
  {
    "route_id": 864,
    "service_id": 5905432,
    "trip_id": 5905432,
    "trip_headsign": "",
    "direction_id": "",
    "block_id": "",
    "shape_id": 864
  },
  {
    "route_id": 864,
    "service_id": 5905434,
    "trip_id": 5905434,
    "trip_headsign": "",
    "direction_id": "",
    "block_id": "",
    "shape_id": 864
  },
  {
    "route_id": 864,
    "service_id": 5905436,
    "trip_id": 5905436,
    "trip_headsign": "",
    "direction_id": "",
    "block_id": "",
    "shape_id": 864
  },
  {
    "route_id": 864,
    "service_id": 5905438,
    "trip_id": 5905438,
    "trip_headsign": "",
    "direction_id": "",
    "block_id": "",
    "shape_id": 864
  },
  {
    "route_id": 864,
    "service_id": 5905440,
    "trip_id": 5905440,
    "trip_headsign": "",
    "direction_id": "",
    "block_id": "",
    "shape_id": 864
  },
  {
    "route_id": 864,
    "service_id": 5905442,
    "trip_id": 5905442,
    "trip_headsign": "",
    "direction_id": "",
    "block_id": "",
    "shape_id": 864
  },
  {
    "route_id": 864,
    "service_id": 5905444,
    "trip_id": 5905444,
    "trip_headsign": "",
    "direction_id": "",
    "block_id": "",
    "shape_id": 864
  },
  {
    "route_id": 864,
    "service_id": 5905446,
    "trip_id": 5905446,
    "trip_headsign": "",
    "direction_id": "",
    "block_id": "",
    "shape_id": 864
  },
  {
    "route_id": 864,
    "service_id": 5905448,
    "trip_id": 5905448,
    "trip_headsign": "",
    "direction_id": "",
    "block_id": "",
    "shape_id": 864
  },
  {
    "route_id": 864,
    "service_id": 5905450,
    "trip_id": 5905450,
    "trip_headsign": "",
    "direction_id": "",
    "block_id": "",
    "shape_id": 864
  },
  {
    "route_id": 864,
    "service_id": 5905452,
    "trip_id": 5905452,
    "trip_headsign": "",
    "direction_id": "",
    "block_id": "",
    "shape_id": 864
  },
  {
    "route_id": 864,
    "service_id": 5905454,
    "trip_id": 5905454,
    "trip_headsign": "",
    "direction_id": "",
    "block_id": "",
    "shape_id": 864
  },
  {
    "route_id": 864,
    "service_id": 5905480,
    "trip_id": 5905480,
    "trip_headsign": "",
    "direction_id": "",
    "block_id": "",
    "shape_id": 864
  },
  {
    "route_id": 864,
    "service_id": 5905482,
    "trip_id": 5905482,
    "trip_headsign": "",
    "direction_id": "",
    "block_id": "",
    "shape_id": 864
  },
  {
    "route_id": 864,
    "service_id": 5905484,
    "trip_id": 5905484,
    "trip_headsign": "",
    "direction_id": "",
    "block_id": "",
    "shape_id": 864
  },
  {
    "route_id": 864,
    "service_id": 5905486,
    "trip_id": 5905486,
    "trip_headsign": "",
    "direction_id": "",
    "block_id": "",
    "shape_id": 864
  },
  {
    "route_id": 864,
    "service_id": 5905488,
    "trip_id": 5905488,
    "trip_headsign": "",
    "direction_id": "",
    "block_id": "",
    "shape_id": 864
  },
  {
    "route_id": 864,
    "service_id": 5905490,
    "trip_id": 5905490,
    "trip_headsign": "",
    "direction_id": "",
    "block_id": "",
    "shape_id": 864
  },
  {
    "route_id": 864,
    "service_id": 5905492,
    "trip_id": 5905492,
    "trip_headsign": "",
    "direction_id": "",
    "block_id": "",
    "shape_id": 864
  },
  {
    "route_id": 864,
    "service_id": 5905494,
    "trip_id": 5905494,
    "trip_headsign": "",
    "direction_id": "",
    "block_id": "",
    "shape_id": 864
  },
  {
    "route_id": 864,
    "service_id": 5905496,
    "trip_id": 5905496,
    "trip_headsign": "",
    "direction_id": "",
    "block_id": "",
    "shape_id": 864
  },
  {
    "route_id": 864,
    "service_id": 5905498,
    "trip_id": 5905498,
    "trip_headsign": "",
    "direction_id": "",
    "block_id": "",
    "shape_id": 864
  },
  {
    "route_id": 864,
    "service_id": 5905500,
    "trip_id": 5905500,
    "trip_headsign": "",
    "direction_id": "",
    "block_id": "",
    "shape_id": 864
  },
  {
    "route_id": 864,
    "service_id": 5905502,
    "trip_id": 5905502,
    "trip_headsign": "",
    "direction_id": "",
    "block_id": "",
    "shape_id": 864
  },
  {
    "route_id": 864,
    "service_id": 5905504,
    "trip_id": 5905504,
    "trip_headsign": "",
    "direction_id": "",
    "block_id": "",
    "shape_id": 864
  },
  {
    "route_id": 864,
    "service_id": 5905506,
    "trip_id": 5905506,
    "trip_headsign": "",
    "direction_id": "",
    "block_id": "",
    "shape_id": 864
  },
  {
    "route_id": 864,
    "service_id": 5905508,
    "trip_id": 5905508,
    "trip_headsign": "",
    "direction_id": "",
    "block_id": "",
    "shape_id": 864
  },
  {
    "route_id": 864,
    "service_id": 5905510,
    "trip_id": 5905510,
    "trip_headsign": "",
    "direction_id": "",
    "block_id": "",
    "shape_id": 864
  },
  {
    "route_id": 864,
    "service_id": 5905512,
    "trip_id": 5905512,
    "trip_headsign": "",
    "direction_id": "",
    "block_id": "",
    "shape_id": 864
  },
  {
    "route_id": 864,
    "service_id": 5905514,
    "trip_id": 5905514,
    "trip_headsign": "",
    "direction_id": "",
    "block_id": "",
    "shape_id": 864
  },
  {
    "route_id": 864,
    "service_id": 5905516,
    "trip_id": 5905516,
    "trip_headsign": "",
    "direction_id": "",
    "block_id": "",
    "shape_id": 864
  },
  {
    "route_id": 864,
    "service_id": 5905518,
    "trip_id": 5905518,
    "trip_headsign": "",
    "direction_id": "",
    "block_id": "",
    "shape_id": 864
  },
  {
    "route_id": 864,
    "service_id": 5905520,
    "trip_id": 5905520,
    "trip_headsign": "",
    "direction_id": "",
    "block_id": "",
    "shape_id": 864
  },
  {
    "route_id": 864,
    "service_id": 5905522,
    "trip_id": 5905522,
    "trip_headsign": "",
    "direction_id": "",
    "block_id": "",
    "shape_id": 864
  },
  {
    "route_id": 864,
    "service_id": 5905524,
    "trip_id": 5905524,
    "trip_headsign": "",
    "direction_id": "",
    "block_id": "",
    "shape_id": 864
  },
  {
    "route_id": 864,
    "service_id": 5905526,
    "trip_id": 5905526,
    "trip_headsign": "",
    "direction_id": "",
    "block_id": "",
    "shape_id": 864
  },
  {
    "route_id": 864,
    "service_id": 5905528,
    "trip_id": 5905528,
    "trip_headsign": "",
    "direction_id": "",
    "block_id": "",
    "shape_id": 864
  },
  {
    "route_id": 864,
    "service_id": 5905530,
    "trip_id": 5905530,
    "trip_headsign": "",
    "direction_id": "",
    "block_id": "",
    "shape_id": 864
  },
  {
    "route_id": 864,
    "service_id": 5905532,
    "trip_id": 5905532,
    "trip_headsign": "",
    "direction_id": "",
    "block_id": "",
    "shape_id": 864
  },
  {
    "route_id": 864,
    "service_id": 5905534,
    "trip_id": 5905534,
    "trip_headsign": "",
    "direction_id": "",
    "block_id": "",
    "shape_id": 864
  },
  {
    "route_id": 864,
    "service_id": 5905562,
    "trip_id": 5905562,
    "trip_headsign": "",
    "direction_id": "",
    "block_id": "",
    "shape_id": 864
  },
  {
    "route_id": 864,
    "service_id": 5905582,
    "trip_id": 5905582,
    "trip_headsign": "",
    "direction_id": "",
    "block_id": "",
    "shape_id": 864
  },
  {
    "route_id": 864,
    "service_id": 5905584,
    "trip_id": 5905584,
    "trip_headsign": "",
    "direction_id": "",
    "block_id": "",
    "shape_id": 864
  },
  {
    "route_id": 864,
    "service_id": 5905586,
    "trip_id": 5905586,
    "trip_headsign": "",
    "direction_id": "",
    "block_id": "",
    "shape_id": 864
  },
  {
    "route_id": 864,
    "service_id": 5905588,
    "trip_id": 5905588,
    "trip_headsign": "",
    "direction_id": "",
    "block_id": "",
    "shape_id": 864
  },
  {
    "route_id": 864,
    "service_id": 5905590,
    "trip_id": 5905590,
    "trip_headsign": "",
    "direction_id": "",
    "block_id": "",
    "shape_id": 864
  },
  {
    "route_id": 864,
    "service_id": 5905536,
    "trip_id": 5905536,
    "trip_headsign": "",
    "direction_id": "",
    "block_id": "",
    "shape_id": 864
  },
  {
    "route_id": 864,
    "service_id": 5905538,
    "trip_id": 5905538,
    "trip_headsign": "",
    "direction_id": "",
    "block_id": "",
    "shape_id": 864
  },
  {
    "route_id": 864,
    "service_id": 5905540,
    "trip_id": 5905540,
    "trip_headsign": "",
    "direction_id": "",
    "block_id": "",
    "shape_id": 864
  },
  {
    "route_id": 864,
    "service_id": 5905542,
    "trip_id": 5905542,
    "trip_headsign": "",
    "direction_id": "",
    "block_id": "",
    "shape_id": 864
  },
  {
    "route_id": 864,
    "service_id": 5905544,
    "trip_id": 5905544,
    "trip_headsign": "",
    "direction_id": "",
    "block_id": "",
    "shape_id": 864
  },
  {
    "route_id": 864,
    "service_id": 5905546,
    "trip_id": 5905546,
    "trip_headsign": "",
    "direction_id": "",
    "block_id": "",
    "shape_id": 864
  },
  {
    "route_id": 864,
    "service_id": 5905548,
    "trip_id": 5905548,
    "trip_headsign": "",
    "direction_id": "",
    "block_id": "",
    "shape_id": 864
  },
  {
    "route_id": 864,
    "service_id": 5905550,
    "trip_id": 5905550,
    "trip_headsign": "",
    "direction_id": "",
    "block_id": "",
    "shape_id": 864
  },
  {
    "route_id": 864,
    "service_id": 5905552,
    "trip_id": 5905552,
    "trip_headsign": "",
    "direction_id": "",
    "block_id": "",
    "shape_id": 864
  },
  {
    "route_id": 864,
    "service_id": 5905554,
    "trip_id": 5905554,
    "trip_headsign": "",
    "direction_id": "",
    "block_id": "",
    "shape_id": 864
  },
  {
    "route_id": 864,
    "service_id": 5905556,
    "trip_id": 5905556,
    "trip_headsign": "",
    "direction_id": "",
    "block_id": "",
    "shape_id": 864
  },
  {
    "route_id": 864,
    "service_id": 5905558,
    "trip_id": 5905558,
    "trip_headsign": "",
    "direction_id": "",
    "block_id": "",
    "shape_id": 864
  },
  {
    "route_id": 864,
    "service_id": 5905560,
    "trip_id": 5905560,
    "trip_headsign": "",
    "direction_id": "",
    "block_id": "",
    "shape_id": 864
  },
  {
    "route_id": 864,
    "service_id": 5905564,
    "trip_id": 5905564,
    "trip_headsign": "",
    "direction_id": "",
    "block_id": "",
    "shape_id": 864
  },
  {
    "route_id": 864,
    "service_id": 5905566,
    "trip_id": 5905566,
    "trip_headsign": "",
    "direction_id": "",
    "block_id": "",
    "shape_id": 864
  },
  {
    "route_id": 864,
    "service_id": 5905568,
    "trip_id": 5905568,
    "trip_headsign": "",
    "direction_id": "",
    "block_id": "",
    "shape_id": 864
  },
  {
    "route_id": 864,
    "service_id": 5905570,
    "trip_id": 5905570,
    "trip_headsign": "",
    "direction_id": "",
    "block_id": "",
    "shape_id": 864
  },
  {
    "route_id": 864,
    "service_id": 5905572,
    "trip_id": 5905572,
    "trip_headsign": "",
    "direction_id": "",
    "block_id": "",
    "shape_id": 864
  },
  {
    "route_id": 864,
    "service_id": 5905574,
    "trip_id": 5905574,
    "trip_headsign": "",
    "direction_id": "",
    "block_id": "",
    "shape_id": 864
  },
  {
    "route_id": 864,
    "service_id": 5905576,
    "trip_id": 5905576,
    "trip_headsign": "",
    "direction_id": "",
    "block_id": "",
    "shape_id": 864
  },
  {
    "route_id": 864,
    "service_id": 5905578,
    "trip_id": 5905578,
    "trip_headsign": "",
    "direction_id": "",
    "block_id": "",
    "shape_id": 864
  },
  {
    "route_id": 864,
    "service_id": 5905580,
    "trip_id": 5905580,
    "trip_headsign": "",
    "direction_id": "",
    "block_id": "",
    "shape_id": 864
  },
  {
    "route_id": 864,
    "service_id": 5905636,
    "trip_id": 5905636,
    "trip_headsign": "",
    "direction_id": "",
    "block_id": "",
    "shape_id": 864
  },
  {
    "route_id": 864,
    "service_id": 5905638,
    "trip_id": 5905638,
    "trip_headsign": "",
    "direction_id": "",
    "block_id": "",
    "shape_id": 864
  },
  {
    "route_id": 864,
    "service_id": 5905640,
    "trip_id": 5905640,
    "trip_headsign": "",
    "direction_id": "",
    "block_id": "",
    "shape_id": 864
  },
  {
    "route_id": 864,
    "service_id": 5905642,
    "trip_id": 5905642,
    "trip_headsign": "",
    "direction_id": "",
    "block_id": "",
    "shape_id": 864
  },
  {
    "route_id": 864,
    "service_id": 5905644,
    "trip_id": 5905644,
    "trip_headsign": "",
    "direction_id": "",
    "block_id": "",
    "shape_id": 864
  },
  {
    "route_id": 864,
    "service_id": 5905646,
    "trip_id": 5905646,
    "trip_headsign": "",
    "direction_id": "",
    "block_id": "",
    "shape_id": 864
  },
  {
    "route_id": 864,
    "service_id": 5905648,
    "trip_id": 5905648,
    "trip_headsign": "",
    "direction_id": "",
    "block_id": "",
    "shape_id": 864
  },
  {
    "route_id": 864,
    "service_id": 5905628,
    "trip_id": 5905628,
    "trip_headsign": "",
    "direction_id": "",
    "block_id": "",
    "shape_id": 864
  },
  {
    "route_id": 864,
    "service_id": 5905602,
    "trip_id": 5905602,
    "trip_headsign": "",
    "direction_id": "",
    "block_id": "",
    "shape_id": 864
  },
  {
    "route_id": 864,
    "service_id": 5905604,
    "trip_id": 5905604,
    "trip_headsign": "",
    "direction_id": "",
    "block_id": "",
    "shape_id": 864
  },
  {
    "route_id": 864,
    "service_id": 5905606,
    "trip_id": 5905606,
    "trip_headsign": "",
    "direction_id": "",
    "block_id": "",
    "shape_id": 864
  },
  {
    "route_id": 864,
    "service_id": 5905608,
    "trip_id": 5905608,
    "trip_headsign": "",
    "direction_id": "",
    "block_id": "",
    "shape_id": 864
  },
  {
    "route_id": 864,
    "service_id": 5905610,
    "trip_id": 5905610,
    "trip_headsign": "",
    "direction_id": "",
    "block_id": "",
    "shape_id": 864
  },
  {
    "route_id": 864,
    "service_id": 5905612,
    "trip_id": 5905612,
    "trip_headsign": "",
    "direction_id": "",
    "block_id": "",
    "shape_id": 864
  },
  {
    "route_id": 864,
    "service_id": 5905614,
    "trip_id": 5905614,
    "trip_headsign": "",
    "direction_id": "",
    "block_id": "",
    "shape_id": 864
  },
  {
    "route_id": 864,
    "service_id": 5905616,
    "trip_id": 5905616,
    "trip_headsign": "",
    "direction_id": "",
    "block_id": "",
    "shape_id": 864
  },
  {
    "route_id": 864,
    "service_id": 5905618,
    "trip_id": 5905618,
    "trip_headsign": "",
    "direction_id": "",
    "block_id": "",
    "shape_id": 864
  },
  {
    "route_id": 864,
    "service_id": 5905620,
    "trip_id": 5905620,
    "trip_headsign": "",
    "direction_id": "",
    "block_id": "",
    "shape_id": 864
  },
  {
    "route_id": 864,
    "service_id": 5905622,
    "trip_id": 5905622,
    "trip_headsign": "",
    "direction_id": "",
    "block_id": "",
    "shape_id": 864
  },
  {
    "route_id": 864,
    "service_id": 5905624,
    "trip_id": 5905624,
    "trip_headsign": "",
    "direction_id": "",
    "block_id": "",
    "shape_id": 864
  },
  {
    "route_id": 864,
    "service_id": 5905626,
    "trip_id": 5905626,
    "trip_headsign": "",
    "direction_id": "",
    "block_id": "",
    "shape_id": 864
  },
  {
    "route_id": 864,
    "service_id": 5905592,
    "trip_id": 5905592,
    "trip_headsign": "",
    "direction_id": "",
    "block_id": "",
    "shape_id": 864
  },
  {
    "route_id": 864,
    "service_id": 5905594,
    "trip_id": 5905594,
    "trip_headsign": "",
    "direction_id": "",
    "block_id": "",
    "shape_id": 864
  },
  {
    "route_id": 864,
    "service_id": 5905596,
    "trip_id": 5905596,
    "trip_headsign": "",
    "direction_id": "",
    "block_id": "",
    "shape_id": 864
  },
  {
    "route_id": 864,
    "service_id": 5905598,
    "trip_id": 5905598,
    "trip_headsign": "",
    "direction_id": "",
    "block_id": "",
    "shape_id": 864
  },
  {
    "route_id": 864,
    "service_id": 5905600,
    "trip_id": 5905600,
    "trip_headsign": "",
    "direction_id": "",
    "block_id": "",
    "shape_id": 864
  },
  {
    "route_id": 864,
    "service_id": 5905630,
    "trip_id": 5905630,
    "trip_headsign": "",
    "direction_id": "",
    "block_id": "",
    "shape_id": 864
  },
  {
    "route_id": 864,
    "service_id": 5905632,
    "trip_id": 5905632,
    "trip_headsign": "",
    "direction_id": "",
    "block_id": "",
    "shape_id": 864
  },
  {
    "route_id": 864,
    "service_id": 5905634,
    "trip_id": 5905634,
    "trip_headsign": "",
    "direction_id": "",
    "block_id": "",
    "shape_id": 864
  }
]