[
  {
    "shape_id": 863,
    "shape_pt_lat": 38.65182,
    "shape_pt_lon": -9.07972,
    "shape_pt_sequence": 1,
    "shape_dist_traveled": ""
  },
  {
    "shape_id": 863,
    "shape_pt_lat": 38.70684,
    "shape_pt_lon": -9.13455,
    "shape_pt_sequence": 2,
    "shape_dist_traveled": ""
  },
  {
    "shape_id": 864,
    "shape_pt_lat": 38.70684,
    "shape_pt_lon": -9.13455,
    "shape_pt_sequence": 1,
    "shape_dist_traveled": ""
  },
  {
    "shape_id": 864,
    "shape_pt_lat": 38.65182,
    "shape_pt_lon": -9.07972,
    "shape_pt_sequence": 2,
    "shape_dist_traveled": ""
  }
]