[
  {
    "stop_id": "M49",
    "stop_name": "AEROPORTO",
    "ID": "one"
  },
  {
    "stop_id": 11061002,
    "stop_name": "Agualva-Cacém",
    "ID": "two"
  },
  {
    "stop_id": "M23",
    "stop_name": "ALAMEDA",
    "ID": "three"
  },
  {
    "stop_id": 11067025,
    "stop_name": "Alcântara",
    "ID": "four"
  },
  {
    "stop_id": 11069039,
    "stop_name": "Alcântara-Mar",
    "ID": "five"
  },
  {
    "stop_id": "M43",
    "stop_name": "ALFORNELOS",
    "ID": "six"
  },
  {
    "stop_id": 11069088,
    "stop_name": "Algés",
    "ID": "seven"
  },
  {
    "stop_id": 11061069,
    "stop_name": "Algueirão",
    "ID": "eight"
  },
  {
    "stop_id": 11031237,
    "stop_name": "Alhandra",
    "ID": "nine"
  },
  {
    "stop_id": 11095075,
    "stop_name": "Alhos Vedros",
    "ID": "one zero"
  },
  {
    "stop_id": "M04",
    "stop_name": "ALTO DOS MOINHOS",
    "ID": "one one"
  },
  {
    "stop_id": "M20",
    "stop_name": "ALVALADE",
    "ID": "one two"
  },
  {
    "stop_id": 11031187,
    "stop_name": "Alverca",
    "ID": "one three"
  },
  {
    "stop_id": 11060087,
    "stop_name": "Amadora",
    "ID": "one four"
  },
  {
    "stop_id": "M44",
    "stop_name": "AMADORA ESTE",
    "ID": "one five"
  },
  {
    "stop_id": "M40",
    "stop_name": "AMEIXOEIRA",
    "ID": "one six"
  },
  {
    "stop_id": "M25",
    "stop_name": "ANJOS",
    "ID": "one seven"
  },
  {
    "stop_id": "M22",
    "stop_name": "AREEIRO",
    "ID": "one eight"
  },
  {
    "stop_id": "M24",
    "stop_name": "ARROIOS",
    "ID": "one nine"
  },
  {
    "stop_id": "M11",
    "stop_name": "AVENIDA",
    "ID": "two zero"
  },
  {
    "stop_id": 11033001,
    "stop_name": "Azambuja",
    "ID": "two one"
  },
  {
    "stop_id": 11095059,
    "stop_name": "Baixa da Banheira",
    "ID": "two two"
  },
  {
    "stop_id": "M29",
    "stop_name": "BAIXA-CHIADO",
    "ID": "two three"
  },
  {
    "stop_id": 11095000,
    "stop_name": "Barreiro",
    "ID": "two four"
  },
  {
    "stop_id": 11095026,
    "stop_name": "Barreiro A",
    "ID": "two five"
  },
  {
    "stop_id": "M32",
    "stop_name": "BELA VISTA",
    "ID": "two six"
  },
  {
    "stop_id": 11069054,
    "stop_name": "Belém",
    "ID": "two seven"
  },
  {
    "stop_id": 11060046,
    "stop_name": "Benfica",
    "ID": "two eight"
  },
  {
    "stop_id": 11031070,
    "stop_name": "Bobadela",
    "ID": "two nine"
  },
  {
    "stop_id": 11031005,
    "stop_name": "Braço de Prata",
    "ID": "three zero"
  },
  {
    "stop_id": "M35",
    "stop_name": "CABO RUIVO",
    "ID": "three one"
  },
  {
    "stop_id": "M30",
    "stop_name": "CAIS DO SODRE",
    "ID": "three two"
  },
  {
    "stop_id": 11069005,
    "stop_name": "Cais do Sodré",
    "ID": "three three"
  },
  {
    "stop_id": "M13",
    "stop_name": "CAMPO GRANDE",
    "ID": "three four"
  },
  {
    "stop_id": "M16",
    "stop_name": "CAMPO PEQUENO",
    "ID": "three five"
  },
  {
    "stop_id": 11060004,
    "stop_name": "Campolide",
    "ID": "three six"
  },
  {
    "stop_id": 11069187,
    "stop_name": "Carcavelos",
    "ID": "three seven"
  },
  {
    "stop_id": "M02",
    "stop_name": "CARNIDE",
    "ID": "three eight"
  },
  {
    "stop_id": 11031336,
    "stop_name": "Carregado",
    "ID": "three nine"
  },
  {
    "stop_id": 11069260,
    "stop_name": "Cascais",
    "ID": "four zero"
  },
  {
    "stop_id": 11031310,
    "stop_name": "Castanheira do Ribatejo",
    "ID": "four one"
  },
  {
    "stop_id": 11069120,
    "stop_name": "Caxias",
    "ID": "four two"
  },
  {
    "stop_id": "M33",
    "stop_name": "CHELAS",
    "ID": "four three"
  },
  {
    "stop_id": "M14",
    "stop_name": "CIDADE UNIVERSITÁRIA",
    "ID": "four four"
  },
  {
    "stop_id": 11017228,
    "stop_name": "Coina",
    "ID": "four five"
  },
  {
    "stop_id": "M03",
    "stop_name": "COLÉGIO MILITAR-LUZ",
    "ID": "four six"
  },
  {
    "stop_id": 11017137,
    "stop_name": "Corroios",
    "ID": "four seven"
  },
  {
    "stop_id": 11069104,
    "stop_name": "Cruz Quebrada",
    "ID": "four eight"
  },
  {
    "stop_id": "M48",
    "stop_name": "ENCARNAÇÃO",
    "ID": "four nine"
  },
  {
    "stop_id": 11066050,
    "stop_name": "Entrecampos",
    "ID": "five zero"
  },
  {
    "stop_id": "M15",
    "stop_name": "ENTRECAMPOS",
    "ID": "five one"
  },
  {
    "stop_id": 11031401,
    "stop_name": "Espadanal de Azambuja",
    "ID": "five two"
  },
  {
    "stop_id": 11069245,
    "stop_name": "Estoril",
    "ID": "five three"
  },
  {
    "stop_id": 11017186,
    "stop_name": "Fogueteiro",
    "ID": "five four"
  },
  {
    "stop_id": 11017152,
    "stop_name": "Foros de Amora",
    "ID": "five five"
  },
  {
    "stop_id": "M26",
    "stop_name": "INTENDENTE",
    "ID": "five six"
  },
  {
    "stop_id": "M06",
    "stop_name": "JARDIM ZOOLÓGICO",
    "ID": "five seven"
  },
  {
    "stop_id": "M05",
    "stop_name": "LARANJEIRAS",
    "ID": "five eight"
  },
  {
    "stop_id": 11095042,
    "stop_name": "Lavradio",
    "ID": "five nine"
  },
  {
    "stop_id": "M39",
    "stop_name": "LUMIAR",
    "ID": "six zero"
  },
  {
    "stop_id": "M10",
    "stop_name": "MARQUÊS DE POMBAL",
    "ID": "six one"
  },
  {
    "stop_id": "M27",
    "stop_name": "MARTIM MONIZ",
    "ID": "six two"
  },
  {
    "stop_id": 11066019,
    "stop_name": "Marvila",
    "ID": "six three"
  },
  {
    "stop_id": 11060137,
    "stop_name": "Massamá-Barcarena",
    "ID": "six four"
  },
  {
    "stop_id": 11061051,
    "stop_name": "Mercês",
    "ID": "six five"
  },
  {
    "stop_id": 11062042,
    "stop_name": "Mira Sintra-Meleças",
    "ID": "six six"
  },
  {
    "stop_id": 11095109,
    "stop_name": "Moita",
    "ID": "six seven"
  },
  {
    "stop_id": 11060111,
    "stop_name": "Monte Abraão",
    "ID": "six eight"
  },
  {
    "stop_id": 11069252,
    "stop_name": "Monte Estoril",
    "ID": "six nine"
  },
  {
    "stop_id": 11031047,
    "stop_name": "Moscavide",
    "ID": "seven zero"
  },
  {
    "stop_id": "M47",
    "stop_name": "MOSCAVIDE",
    "ID": "seven one"
  },
  {
    "stop_id": "M42",
    "stop_name": "ODIVELAS",
    "ID": "seven two"
  },
  {
    "stop_id": 11069179,
    "stop_name": "Oeiras",
    "ID": "seven three"
  },
  {
    "stop_id": "M31",
    "stop_name": "OLAIAS",
    "ID": "seven four"
  },
  {
    "stop_id": "M34",
    "stop_name": "OLIVAIS",
    "ID": "seven five"
  },
  {
    "stop_id": 11031039,
    "stop_name": "Oriente",
    "ID": "seven six"
  },
  {
    "stop_id": "M36",
    "stop_name": "ORIENTE",
    "ID": "seven seven"
  },
  {
    "stop_id": 11069146,
    "stop_name": "Paço de Arcos",
    "ID": "seven eight"
  },
  {
    "stop_id": 11068080,
    "stop_name": "Palmela",
    "ID": "seven nine"
  },
  {
    "stop_id": 11069203,
    "stop_name": "Parede",
    "ID": "eight zero"
  },
  {
    "stop_id": "M09",
    "stop_name": "PARQUE",
    "ID": "eight one"
  },
  {
    "stop_id": 11017095,
    "stop_name": "Penalva",
    "ID": "eight two"
  },
  {
    "stop_id": 11095125,
    "stop_name": "Penteado",
    "ID": "eight three"
  },
  {
    "stop_id": "M18",
    "stop_name": "PICOAS",
    "ID": "eight four"
  },
  {
    "stop_id": 11068007,
    "stop_name": "Pinhal Novo",
    "ID": "eight five"
  },
  {
    "stop_id": "M01",
    "stop_name": "PONTINHA",
    "ID": "eight six"
  },
  {
    "stop_id": 11061093,
    "stop_name": "Portela de Sintra",
    "ID": "eight seven"
  },
  {
    "stop_id": 11031146,
    "stop_name": "Póvoa",
    "ID": "eight eight"
  },
  {
    "stop_id": "M07",
    "stop_name": "PRAÇA DE ESPANHA",
    "ID": "eight nine"
  },
  {
    "stop_id": 11068130,
    "stop_name": "Praça do Quebedo",
    "ID": "nine zero"
  },
  {
    "stop_id": 11017087,
    "stop_name": "Pragal",
    "ID": "nine one"
  },
  {
    "stop_id": 11091058,
    "stop_name": "Praias do Sado A",
    "ID": "nine two"
  },
  {
    "stop_id": 11060103,
    "stop_name": "Queluz-Belas",
    "ID": "nine three"
  },
  {
    "stop_id": "M38",
    "stop_name": "QUINTA DAS CONCHAS",
    "ID": "nine four"
  },
  {
    "stop_id": "M19",
    "stop_name": "RATO",
    "ID": "nine five"
  },
  {
    "stop_id": 11060095,
    "stop_name": "Reboleira",
    "ID": "nine six"
  },
  {
    "stop_id": "M50",
    "stop_name": "REBOLEIRA",
    "ID": "nine seven"
  },
  {
    "stop_id": "M12",
    "stop_name": "RESTAURADORES",
    "ID": "nine eight"
  },
  {
    "stop_id": 11061044,
    "stop_name": "Rio de Mouro",
    "ID": "nine nine"
  },
  {
    "stop_id": "M21",
    "stop_name": "ROMA",
    "ID": "one zero zero"
  },
  {
    "stop_id": 11066035,
    "stop_name": "Roma-Areeiro",
    "ID": "one zero one"
  },
  {
    "stop_id": 11059006,
    "stop_name": "Rossio",
    "ID": "one zero two"
  },
  {
    "stop_id": "M28",
    "stop_name": "ROSSIO",
    "ID": "one zero three"
  },
  {
    "stop_id": 11031062,
    "stop_name": "Sacavém",
    "ID": "one zero four"
  },
  {
    "stop_id": "M17",
    "stop_name": "SALDANHA",
    "ID": "one zero five"
  },
  {
    "stop_id": 11030007,
    "stop_name": "Santa Apolónia",
    "ID": "one zero six"
  },
  {
    "stop_id": "M46",
    "stop_name": "SANTA APOLÓNIA",
    "ID": "one zero seven"
  },
  {
    "stop_id": 11060038,
    "stop_name": "Santa Cruz/Damaia",
    "ID": "one zero eight"
  },
  {
    "stop_id": 11031112,
    "stop_name": "Santa Iria",
    "ID": "one zero nine"
  },
  {
    "stop_id": 11069161,
    "stop_name": "Santo Amaro de Oeiras",
    "ID": "one one zero"
  },
  {
    "stop_id": 11069013,
    "stop_name": "Santos",
    "ID": "one one one"
  },
  {
    "stop_id": 11069237,
    "stop_name": "São João do Estoril",
    "ID": "one one two"
  },
  {
    "stop_id": 11069229,
    "stop_name": "São Pedro do Estoril",
    "ID": "one one three"
  },
  {
    "stop_id": "M08",
    "stop_name": "SÃO SEBASTIÃO",
    "ID": "one one four"
  },
  {
    "stop_id": 11066076,
    "stop_name": "Sete Rios",
    "ID": "one one five"
  },
  {
    "stop_id": 11068122,
    "stop_name": "Setúbal",
    "ID": "one one six"
  },
  {
    "stop_id": 11061101,
    "stop_name": "Sintra",
    "ID": "one one seven"
  },
  {
    "stop_id": "M41",
    "stop_name": "SR. ROUBADO",
    "ID": "one one eight"
  },
  {
    "stop_id": "M37",
    "stop_name": "TELHEIRAS",
    "ID": "one one nine"
  },
  {
    "stop_id": "M45",
    "stop_name": "TERREIRO DO PAÇO",
    "ID": "one two zero"
  },
  {
    "stop_id": 11068049,
    "stop_name": "Venda do Alcaide",
    "ID": "one two one"
  },
  {
    "stop_id": 11031278,
    "stop_name": "Vila Franca de Xira",
    "ID": "one two two"
  },
  {
    "stop_id": 11031377,
    "stop_name": "Vila Nova da Rainha",
    "ID": "one two three"
  }
]