[
  {
    "agency_id": 4,
    "route_id": 178,
    "route_short_name": "",
    "route_long_name": "Trafaria - Porto Brandão - Belém",
    "route_desc": "",
    "route_type": 4,
    "route_url": "",
    "route_color": "",
    "route_text_color": ""
  },
  {
    "agency_id": 4,
    "route_id": 181,
    "route_short_name": "",
    "route_long_name": "Seixal - Cais do Sodré",
    "route_desc": "",
    "route_type": 4,
    "route_url": "",
    "route_color": "",
    "route_text_color": ""
  },
  {
    "agency_id": 4,
    "route_id": 183,
    "route_short_name": "",
    "route_long_name": "Montijo - Terreiro de Paço",
    "route_desc": "",
    "route_type": 4,
    "route_url": "",
    "route_color": "",
    "route_text_color": ""
  },
  {
    "agency_id": 4,
    "route_id": 177,
    "route_short_name": "",
    "route_long_name": "Terreiro de Paço - Montijo",
    "route_desc": "",
    "route_type": 4,
    "route_url": "",
    "route_color": "",
    "route_text_color": ""
  },
  {
    "agency_id": 4,
    "route_id": 179,
    "route_short_name": "",
    "route_long_name": "Cacilhas - Cais do Sodré",
    "route_desc": "",
    "route_type": 4,
    "route_url": "",
    "route_color": "",
    "route_text_color": ""
  },
  {
    "agency_id": 4,
    "route_id": 172,
    "route_short_name": "",
    "route_long_name": "Belém - Porto Brandão - Trafaria",
    "route_desc": "",
    "route_type": 4,
    "route_url": "",
    "route_color": "",
    "route_text_color": ""
  },
  {
    "agency_id": 4,
    "route_id": 173,
    "route_short_name": "",
    "route_long_name": "Cais do Sodré - Cacilhas",
    "route_desc": "",
    "route_type": 4,
    "route_url": "",
    "route_color": "",
    "route_text_color": ""
  },
  {
    "agency_id": 4,
    "route_id": 175,
    "route_short_name": "",
    "route_long_name": "Cais do Sodré - Seixal",
    "route_desc": "",
    "route_type": 4,
    "route_url": "",
    "route_color": "",
    "route_text_color": ""
  }
]