[
  {
    "trip_id": 19908004,
    "start_time": "00:00:00",
    "end_time": "01:30:00",
    "headway_secs": 1800,
    "exact_times": 1
  },
  {
    "trip_id": 19908005,
    "start_time": "05:30:00",
    "end_time": "06:30:00",
    "headway_secs": 1800,
    "exact_times": 1
  },
  {
    "trip_id": 19908006,
    "start_time": "10:04:00",
    "end_time": "16:44:00",
    "headway_secs": 1200,
    "exact_times": 1
  },
  {
    "trip_id": 19908007,
    "start_time": "21:30:00",
    "end_time": "23:30:00",
    "headway_secs": 1800,
    "exact_times": 1
  },
  {
    "trip_id": 19908012,
    "start_time": "07:04:00",
    "end_time": "09:44:00",
    "headway_secs": 1200,
    "exact_times": 1
  },
  {
    "trip_id": 19908013,
    "start_time": "17:04:00",
    "end_time": "18:24:00",
    "headway_secs": 1200,
    "exact_times": 1
  },
  {
    "trip_id": 19908011,
    "start_time": "20:40:00",
    "end_time": "21:00:00",
    "headway_secs": 1200,
    "exact_times": 1
  },
  {
    "trip_id": 19907618,
    "start_time": "07:10:00",
    "end_time": "10:10:00",
    "headway_secs": 720,
    "exact_times": 1
  },
  {
    "trip_id": 19907619,
    "start_time": "17:22:00",
    "end_time": "20:34:00",
    "headway_secs": 720,
    "exact_times": 1
  },
  {
    "trip_id": 20694928,
    "start_time": "00:00:00",
    "end_time": "01:30:00",
    "headway_secs": 1800,
    "exact_times": 1
  },
  {
    "trip_id": 20694929,
    "start_time": "05:30:00",
    "end_time": "06:30:00",
    "headway_secs": 1800,
    "exact_times": 1
  },
  {
    "trip_id": 20694930,
    "start_time": "10:00:00",
    "end_time": "16:40:00",
    "headway_secs": 1200,
    "exact_times": 1
  },
  {
    "trip_id": 20694931,
    "start_time": "22:00:00",
    "end_time": "23:30:00",
    "headway_secs": 1800,
    "exact_times": 1
  },
  {
    "trip_id": 20694940,
    "start_time": "19:30:00",
    "end_time": "20:30:00",
    "headway_secs": 1800,
    "exact_times": 1
  },
  {
    "trip_id": 20694937,
    "start_time": "07:00:00",
    "end_time": "08:00:00",
    "headway_secs": 1800,
    "exact_times": 1
  },
  {
    "trip_id": 20694938,
    "start_time": "08:20:00",
    "end_time": "09:40:00",
    "headway_secs": 1200,
    "exact_times": 1
  },
  {
    "trip_id": 20694939,
    "start_time": "17:00:00",
    "end_time": "19:00:00",
    "headway_secs": 1200,
    "exact_times": 1
  },
  {
    "trip_id": 20694936,
    "start_time": "20:30:00",
    "end_time": "20:50:00",
    "headway_secs": 1200,
    "exact_times": 1
  },
  {
    "trip_id": 20694941,
    "start_time": "03:00:00",
    "end_time": "05:00:00",
    "headway_secs": 7200,
    "exact_times": 1
  },
  {
    "trip_id": 19907668,
    "start_time": "06:50:00",
    "end_time": "09:50:00",
    "headway_secs": 720,
    "exact_times": 1
  },
  {
    "trip_id": 19907669,
    "start_time": "17:02:00",
    "end_time": "20:14:00",
    "headway_secs": 720,
    "exact_times": 1
  },
  {
    "trip_id": 19907670,
    "start_time": "06:52:00",
    "end_time": "09:52:00",
    "headway_secs": 720,
    "exact_times": 1
  },
  {
    "trip_id": 19907671,
    "start_time": "17:04:00",
    "end_time": "20:16:00",
    "headway_secs": 720,
    "exact_times": 1
  },
  {
    "trip_id": 19907672,
    "start_time": "07:00:00",
    "end_time": "09:48:00",
    "headway_secs": 720,
    "exact_times": 1
  },
  {
    "trip_id": 19907673,
    "start_time": "17:00:00",
    "end_time": "20:24:00",
    "headway_secs": 720,
    "exact_times": 1
  },
  {
    "trip_id": 19907674,
    "start_time": "06:26:00",
    "end_time": "09:26:00",
    "headway_secs": 1800,
    "exact_times": 1
  },
  {
    "trip_id": 19907675,
    "start_time": "16:26:00",
    "end_time": "19:26:00",
    "headway_secs": 1800,
    "exact_times": 1
  },
  {
    "trip_id": 19907676,
    "start_time": "06:39:00",
    "end_time": "09:39:00",
    "headway_secs": 1800,
    "exact_times": 1
  },
  {
    "trip_id": 19907677,
    "start_time": "16:39:00",
    "end_time": "19:39:00",
    "headway_secs": 1800,
    "exact_times": 1
  },
  {
    "trip_id": 19906725,
    "start_time": "20:36:00",
    "end_time": "23:36:00",
    "headway_secs": 1800,
    "exact_times": 1
  },
  {
    "trip_id": 19906723,
    "start_time": "00:06:00",
    "end_time": "05:06:00",
    "headway_secs": 18000,
    "exact_times": 1
  },
  {
    "trip_id": 19906724,
    "start_time": "05:36:00",
    "end_time": "06:36:00",
    "headway_secs": 1800,
    "exact_times": 1
  },
  {
    "trip_id": 19907682,
    "start_time": "20:50:00",
    "end_time": "23:50:00",
    "headway_secs": 1800,
    "exact_times": 1
  },
  {
    "trip_id": 19907683,
    "start_time": "00:20:00",
    "end_time": "05:20:00",
    "headway_secs": 18000,
    "exact_times": 1
  },
  {
    "trip_id": 19907684,
    "start_time": "05:50:00",
    "end_time": "06:20:00",
    "headway_secs": 1800,
    "exact_times": 1
  },
  {
    "trip_id": 19907711,
    "start_time": "07:10:00",
    "end_time": "07:40:00",
    "headway_secs": 1800,
    "exact_times": 1
  },
  {
    "trip_id": 19907712,
    "start_time": "08:10:00",
    "end_time": "08:40:00",
    "headway_secs": 1800,
    "exact_times": 1
  },
  {
    "trip_id": 19907713,
    "start_time": "09:10:00",
    "end_time": "09:40:00",
    "headway_secs": 1800,
    "exact_times": 1
  },
  {
    "trip_id": 19907714,
    "start_time": "10:00:00",
    "end_time": "10:40:00",
    "headway_secs": 2400,
    "exact_times": 1
  },
  {
    "trip_id": 19907715,
    "start_time": "11:00:00",
    "end_time": "11:40:00",
    "headway_secs": 2400,
    "exact_times": 1
  },
  {
    "trip_id": 19907722,
    "start_time": "18:10:00",
    "end_time": "18:40:00",
    "headway_secs": 1800,
    "exact_times": 1
  },
  {
    "trip_id": 19907723,
    "start_time": "19:10:00",
    "end_time": "19:40:00",
    "headway_secs": 1800,
    "exact_times": 1
  },
  {
    "trip_id": 19907716,
    "start_time": "12:00:00",
    "end_time": "12:40:00",
    "headway_secs": 2400,
    "exact_times": 1
  },
  {
    "trip_id": 19907717,
    "start_time": "13:00:00",
    "end_time": "13:40:00",
    "headway_secs": 2400,
    "exact_times": 1
  },
  {
    "trip_id": 19907718,
    "start_time": "14:00:00",
    "end_time": "14:40:00",
    "headway_secs": 2400,
    "exact_times": 1
  },
  {
    "trip_id": 19907719,
    "start_time": "15:00:00",
    "end_time": "15:40:00",
    "headway_secs": 2400,
    "exact_times": 1
  },
  {
    "trip_id": 19907720,
    "start_time": "16:00:00",
    "end_time": "16:40:00",
    "headway_secs": 2400,
    "exact_times": 1
  },
  {
    "trip_id": 19907721,
    "start_time": "17:10:00",
    "end_time": "17:40:00",
    "headway_secs": 1800,
    "exact_times": 1
  },
  {
    "trip_id": 19907726,
    "start_time": "00:01:00",
    "end_time": "01:01:00",
    "headway_secs": 1800,
    "exact_times": 1
  },
  {
    "trip_id": 19907728,
    "start_time": "21:01:00",
    "end_time": "23:31:00",
    "headway_secs": 1800,
    "exact_times": 1
  },
  {
    "trip_id": 19907758,
    "start_time": "07:11:00",
    "end_time": "07:41:00",
    "headway_secs": 1800,
    "exact_times": 1
  },
  {
    "trip_id": 19907759,
    "start_time": "08:11:00",
    "end_time": "08:41:00",
    "headway_secs": 1800,
    "exact_times": 1
  },
  {
    "trip_id": 19907760,
    "start_time": "09:11:00",
    "end_time": "09:41:00",
    "headway_secs": 1800,
    "exact_times": 1
  },
  {
    "trip_id": 19907761,
    "start_time": "17:11:00",
    "end_time": "17:41:00",
    "headway_secs": 1800,
    "exact_times": 1
  },
  {
    "trip_id": 19907762,
    "start_time": "18:11:00",
    "end_time": "18:41:00",
    "headway_secs": 1800,
    "exact_times": 1
  },
  {
    "trip_id": 19907763,
    "start_time": "19:11:00",
    "end_time": "19:41:00",
    "headway_secs": 1800,
    "exact_times": 1
  },
  {
    "trip_id": 19907764,
    "start_time": "20:11:00",
    "end_time": "20:31:00",
    "headway_secs": 1200,
    "exact_times": 1
  },
  {
    "trip_id": 19906987,
    "start_time": "02:15:00",
    "end_time": "03:00:00",
    "headway_secs": 900,
    "exact_times": 1
  },
  {
    "trip_id": 19906988,
    "start_time": "03:30:00",
    "end_time": "04:30:00",
    "headway_secs": 1800,
    "exact_times": 1
  },
  {
    "trip_id": 19892777,
    "start_time": "02:15:00",
    "end_time": "03:00:00",
    "headway_secs": 900,
    "exact_times": 1
  },
  {
    "trip_id": 19892778,
    "start_time": "03:30:00",
    "end_time": "04:30:00",
    "headway_secs": 1800,
    "exact_times": 1
  },
  {
    "trip_id": 20694989,
    "start_time": "00:08:00",
    "end_time": "01:08:00",
    "headway_secs": 1800,
    "exact_times": 1
  },
  {
    "trip_id": 20694990,
    "start_time": "20:38:00",
    "end_time": "23:38:00",
    "headway_secs": 1800,
    "exact_times": 1
  },
  {
    "trip_id": 20695002,
    "start_time": "02:30:00",
    "end_time": "04:30:00",
    "headway_secs": 7200,
    "exact_times": 1
  },
  {
    "trip_id": 19907103,
    "start_time": "06:05:00",
    "end_time": "07:05:00",
    "headway_secs": 3600,
    "exact_times": 1
  },
  {
    "trip_id": 19907104,
    "start_time": "10:13:00",
    "end_time": "11:05:00",
    "headway_secs": 3120,
    "exact_times": 1
  },
  {
    "trip_id": 19907105,
    "start_time": "12:05:00",
    "end_time": "17:05:00",
    "headway_secs": 3600,
    "exact_times": 1
  },
  {
    "trip_id": 19907106,
    "start_time": "21:05:00",
    "end_time": "23:05:00",
    "headway_secs": 3600,
    "exact_times": 1
  },
  {
    "trip_id": 19907128,
    "start_time": "10:20:00",
    "end_time": "16:20:00",
    "headway_secs": 3600,
    "exact_times": 1
  },
  {
    "trip_id": 19907129,
    "start_time": "20:20:00",
    "end_time": "23:20:00",
    "headway_secs": 3600,
    "exact_times": 1
  },
  {
    "trip_id": 19907765,
    "start_time": "05:56:00",
    "end_time": "21:26:00",
    "headway_secs": 1800,
    "exact_times": 1
  },
  {
    "trip_id": 19907766,
    "start_time": "22:26:00",
    "end_time": "23:26:00",
    "headway_secs": 3600,
    "exact_times": 1
  },
  {
    "trip_id": 19907770,
    "start_time": "06:09:00",
    "end_time": "07:09:00",
    "headway_secs": 3600,
    "exact_times": 1
  },
  {
    "trip_id": 19907771,
    "start_time": "07:39:00",
    "end_time": "22:09:00",
    "headway_secs": 1800,
    "exact_times": 1
  },
  {
    "trip_id": 19907774,
    "start_time": "10:30:00",
    "end_time": "16:30:00",
    "headway_secs": 3600,
    "exact_times": 1
  },
  {
    "trip_id": 19907792,
    "start_time": "17:40:00",
    "end_time": "18:00:00",
    "headway_secs": 1200,
    "exact_times": 1
  },
  {
    "trip_id": 19907789,
    "start_time": "07:40:00",
    "end_time": "08:00:00",
    "headway_secs": 1200,
    "exact_times": 1
  },
  {
    "trip_id": 19907790,
    "start_time": "08:40:00",
    "end_time": "09:00:00",
    "headway_secs": 1200,
    "exact_times": 1
  },
  {
    "trip_id": 19907791,
    "start_time": "16:40:00",
    "end_time": "17:00:00",
    "headway_secs": 1200,
    "exact_times": 1
  },
  {
    "trip_id": 19907793,
    "start_time": "18:40:00",
    "end_time": "19:00:00",
    "headway_secs": 1200,
    "exact_times": 1
  },
  {
    "trip_id": 19907794,
    "start_time": "19:40:00",
    "end_time": "20:10:00",
    "headway_secs": 1800,
    "exact_times": 1
  },
  {
    "trip_id": 19907788,
    "start_time": "06:40:00",
    "end_time": "07:00:00",
    "headway_secs": 1200,
    "exact_times": 1
  },
  {
    "trip_id": 19907840,
    "start_time": "18:51:00",
    "end_time": "19:01:00",
    "headway_secs": 600,
    "exact_times": 1
  },
  {
    "trip_id": 19907841,
    "start_time": "19:51:00",
    "end_time": "20:01:00",
    "headway_secs": 600,
    "exact_times": 1
  },
  {
    "trip_id": 19907834,
    "start_time": "06:01:00",
    "end_time": "06:21:00",
    "headway_secs": 1200,
    "exact_times": 1
  },
  {
    "trip_id": 19907835,
    "start_time": "06:51:00",
    "end_time": "07:01:00",
    "headway_secs": 600,
    "exact_times": 1
  },
  {
    "trip_id": 19907836,
    "start_time": "07:51:00",
    "end_time": "08:01:00",
    "headway_secs": 600,
    "exact_times": 1
  },
  {
    "trip_id": 19907837,
    "start_time": "08:51:00",
    "end_time": "09:01:00",
    "headway_secs": 600,
    "exact_times": 1
  },
  {
    "trip_id": 19907838,
    "start_time": "16:51:00",
    "end_time": "17:01:00",
    "headway_secs": 600,
    "exact_times": 1
  },
  {
    "trip_id": 19907839,
    "start_time": "17:51:00",
    "end_time": "18:01:00",
    "headway_secs": 600,
    "exact_times": 1
  },
  {
    "trip_id": 19908023,
    "start_time": "17:37:00",
    "end_time": "19:37:00",
    "headway_secs": 3600,
    "exact_times": 1
  },
  {
    "trip_id": 19908025,
    "start_time": "07:35:00",
    "end_time": "08:35:00",
    "headway_secs": 3600,
    "exact_times": 1
  }
]