[
  {
    "route_id": 401,
    "service_id": 19908004,
    "trip_id": 19908004,
    "trip_headsign": "",
    "direction_id": "",
    "block_id": "",
    "shape_id": 401
  },
  {
    "route_id": 401,
    "service_id": 19908005,
    "trip_id": 19908005,
    "trip_headsign": "",
    "direction_id": "",
    "block_id": "",
    "shape_id": 401
  },
  {
    "route_id": 401,
    "service_id": 19908006,
    "trip_id": 19908006,
    "trip_headsign": "",
    "direction_id": "",
    "block_id": "",
    "shape_id": 401
  },
  {
    "route_id": 401,
    "service_id": 19908007,
    "trip_id": 19908007,
    "trip_headsign": "",
    "direction_id": "",
    "block_id": "",
    "shape_id": 401
  },
  {
    "route_id": 401,
    "service_id": 19908009,
    "trip_id": 19908009,
    "trip_headsign": "",
    "direction_id": "",
    "block_id": "",
    "shape_id": 401
  },
  {
    "route_id": 401,
    "service_id": 19908010,
    "trip_id": 19908010,
    "trip_headsign": "",
    "direction_id": "",
    "block_id": "",
    "shape_id": 401
  },
  {
    "route_id": 401,
    "service_id": 19908012,
    "trip_id": 19908012,
    "trip_headsign": "",
    "direction_id": "",
    "block_id": "",
    "shape_id": 401
  },
  {
    "route_id": 401,
    "service_id": 19908013,
    "trip_id": 19908013,
    "trip_headsign": "",
    "direction_id": "",
    "block_id": "",
    "shape_id": 401
  },
  {
    "route_id": 401,
    "service_id": 19908015,
    "trip_id": 19908015,
    "trip_headsign": "",
    "direction_id": "",
    "block_id": "",
    "shape_id": 401
  },
  {
    "route_id": 401,
    "service_id": 19908017,
    "trip_id": 19908017,
    "trip_headsign": "",
    "direction_id": "",
    "block_id": "",
    "shape_id": 401
  },
  {
    "route_id": 401,
    "service_id": 19908019,
    "trip_id": 19908019,
    "trip_headsign": "",
    "direction_id": "",
    "block_id": "",
    "shape_id": 401
  },
  {
    "route_id": 401,
    "service_id": 19908021,
    "trip_id": 19908021,
    "trip_headsign": "",
    "direction_id": "",
    "block_id": "",
    "shape_id": 401
  },
  {
    "route_id": 401,
    "service_id": 19908011,
    "trip_id": 19908011,
    "trip_headsign": "",
    "direction_id": "",
    "block_id": "",
    "shape_id": 401
  },
  {
    "route_id": 401,
    "service_id": 19908008,
    "trip_id": 19908008,
    "trip_headsign": "",
    "direction_id": "",
    "block_id": "",
    "shape_id": 401
  },
  {
    "route_id": 401,
    "service_id": 19908020,
    "trip_id": 19908020,
    "trip_headsign": "",
    "direction_id": "",
    "block_id": "",
    "shape_id": 401
  },
  {
    "route_id": 401,
    "service_id": 19908018,
    "trip_id": 19908018,
    "trip_headsign": "",
    "direction_id": "",
    "block_id": "",
    "shape_id": 401
  },
  {
    "route_id": 401,
    "service_id": 19908016,
    "trip_id": 19908016,
    "trip_headsign": "",
    "direction_id": "",
    "block_id": "",
    "shape_id": 401
  },
  {
    "route_id": 401,
    "service_id": 19908014,
    "trip_id": 19908014,
    "trip_headsign": "",
    "direction_id": "",
    "block_id": "",
    "shape_id": 401
  },
  {
    "route_id": 412,
    "service_id": 19907618,
    "trip_id": 19907618,
    "trip_headsign": "",
    "direction_id": "",
    "block_id": "",
    "shape_id": 412
  },
  {
    "route_id": 412,
    "service_id": 19907619,
    "trip_id": 19907619,
    "trip_headsign": "",
    "direction_id": "",
    "block_id": "",
    "shape_id": 412
  },
  {
    "route_id": 414,
    "service_id": 20694928,
    "trip_id": 20694928,
    "trip_headsign": "",
    "direction_id": "",
    "block_id": "",
    "shape_id": 414
  },
  {
    "route_id": 414,
    "service_id": 20694929,
    "trip_id": 20694929,
    "trip_headsign": "",
    "direction_id": "",
    "block_id": "",
    "shape_id": 414
  },
  {
    "route_id": 414,
    "service_id": 20694930,
    "trip_id": 20694930,
    "trip_headsign": "",
    "direction_id": "",
    "block_id": "",
    "shape_id": 414
  },
  {
    "route_id": 414,
    "service_id": 20694931,
    "trip_id": 20694931,
    "trip_headsign": "",
    "direction_id": "",
    "block_id": "",
    "shape_id": 414
  },
  {
    "route_id": 414,
    "service_id": 20694932,
    "trip_id": 20694932,
    "trip_headsign": "",
    "direction_id": "",
    "block_id": "",
    "shape_id": 414
  },
  {
    "route_id": 414,
    "service_id": 20694934,
    "trip_id": 20694934,
    "trip_headsign": "",
    "direction_id": "",
    "block_id": "",
    "shape_id": 414
  },
  {
    "route_id": 414,
    "service_id": 20694937,
    "trip_id": 20694937,
    "trip_headsign": "",
    "direction_id": "",
    "block_id": "",
    "shape_id": 414
  },
  {
    "route_id": 414,
    "service_id": 20694938,
    "trip_id": 20694938,
    "trip_headsign": "",
    "direction_id": "",
    "block_id": "",
    "shape_id": 414
  },
  {
    "route_id": 414,
    "service_id": 20694939,
    "trip_id": 20694939,
    "trip_headsign": "",
    "direction_id": "",
    "block_id": "",
    "shape_id": 414
  },
  {
    "route_id": 414,
    "service_id": 20694940,
    "trip_id": 20694940,
    "trip_headsign": "",
    "direction_id": "",
    "block_id": "",
    "shape_id": 414
  },
  {
    "route_id": 414,
    "service_id": 20694935,
    "trip_id": 20694935,
    "trip_headsign": "",
    "direction_id": "",
    "block_id": "",
    "shape_id": 414
  },
  {
    "route_id": 414,
    "service_id": 20694936,
    "trip_id": 20694936,
    "trip_headsign": "",
    "direction_id": "",
    "block_id": "",
    "shape_id": 414
  },
  {
    "route_id": 414,
    "service_id": 20694933,
    "trip_id": 20694933,
    "trip_headsign": "",
    "direction_id": "",
    "block_id": "",
    "shape_id": 414
  },
  {
    "route_id": 414,
    "service_id": 20694941,
    "trip_id": 20694941,
    "trip_headsign": "",
    "direction_id": "",
    "block_id": "",
    "shape_id": 414
  },
  {
    "route_id": 425,
    "service_id": 19907668,
    "trip_id": 19907668,
    "trip_headsign": "",
    "direction_id": "",
    "block_id": "",
    "shape_id": 425
  },
  {
    "route_id": 425,
    "service_id": 19907669,
    "trip_id": 19907669,
    "trip_headsign": "",
    "direction_id": "",
    "block_id": "",
    "shape_id": 425
  },
  {
    "route_id": 873,
    "service_id": 19907670,
    "trip_id": 19907670,
    "trip_headsign": "",
    "direction_id": "",
    "block_id": "",
    "shape_id": 873
  },
  {
    "route_id": 873,
    "service_id": 19907671,
    "trip_id": 19907671,
    "trip_headsign": "",
    "direction_id": "",
    "block_id": "",
    "shape_id": 873
  },
  {
    "route_id": 874,
    "service_id": 19907672,
    "trip_id": 19907672,
    "trip_headsign": "",
    "direction_id": "",
    "block_id": "",
    "shape_id": 874
  },
  {
    "route_id": 874,
    "service_id": 19907673,
    "trip_id": 19907673,
    "trip_headsign": "",
    "direction_id": "",
    "block_id": "",
    "shape_id": 874
  },
  {
    "route_id": 2420,
    "service_id": 19906239,
    "trip_id": 19906239,
    "trip_headsign": "",
    "direction_id": "",
    "block_id": "",
    "shape_id": 2420
  },
  {
    "route_id": 2657,
    "service_id": 16385936,
    "trip_id": 16385936,
    "trip_headsign": "",
    "direction_id": "",
    "block_id": "",
    "shape_id": 2657
  },
  {
    "route_id": 2657,
    "service_id": 16385938,
    "trip_id": 16385938,
    "trip_headsign": "",
    "direction_id": "",
    "block_id": "",
    "shape_id": 2657
  },
  {
    "route_id": 2657,
    "service_id": 16385937,
    "trip_id": 16385937,
    "trip_headsign": "",
    "direction_id": "",
    "block_id": "",
    "shape_id": 2657
  },
  {
    "route_id": 4934,
    "service_id": 19907674,
    "trip_id": 19907674,
    "trip_headsign": "",
    "direction_id": "",
    "block_id": "",
    "shape_id": 4934
  },
  {
    "route_id": 4934,
    "service_id": 19907675,
    "trip_id": 19907675,
    "trip_headsign": "",
    "direction_id": "",
    "block_id": "",
    "shape_id": 4934
  },
  {
    "route_id": 4937,
    "service_id": 19907676,
    "trip_id": 19907676,
    "trip_headsign": "",
    "direction_id": "",
    "block_id": "",
    "shape_id": 4937
  },
  {
    "route_id": 4937,
    "service_id": 19907677,
    "trip_id": 19907677,
    "trip_headsign": "",
    "direction_id": "",
    "block_id": "",
    "shape_id": 4937
  },
  {
    "route_id": 5508,
    "service_id": 19906240,
    "trip_id": 19906240,
    "trip_headsign": "",
    "direction_id": "",
    "block_id": "",
    "shape_id": 5508
  },
  {
    "route_id": 5514,
    "service_id": 19906725,
    "trip_id": 19906725,
    "trip_headsign": "",
    "direction_id": "",
    "block_id": "",
    "shape_id": 5514
  },
  {
    "route_id": 5514,
    "service_id": 19906704,
    "trip_id": 19906704,
    "trip_headsign": "",
    "direction_id": "",
    "block_id": "",
    "shape_id": 5514
  },
  {
    "route_id": 5514,
    "service_id": 19906705,
    "trip_id": 19906705,
    "trip_headsign": "",
    "direction_id": "",
    "block_id": "",
    "shape_id": 5514
  },
  {
    "route_id": 5514,
    "service_id": 19906706,
    "trip_id": 19906706,
    "trip_headsign": "",
    "direction_id": "",
    "block_id": "",
    "shape_id": 5514
  },
  {
    "route_id": 5514,
    "service_id": 19906707,
    "trip_id": 19906707,
    "trip_headsign": "",
    "direction_id": "",
    "block_id": "",
    "shape_id": 5514
  },
  {
    "route_id": 5514,
    "service_id": 19906708,
    "trip_id": 19906708,
    "trip_headsign": "",
    "direction_id": "",
    "block_id": "",
    "shape_id": 5514
  },
  {
    "route_id": 5514,
    "service_id": 19906723,
    "trip_id": 19906723,
    "trip_headsign": "",
    "direction_id": "",
    "block_id": "",
    "shape_id": 5514
  },
  {
    "route_id": 5514,
    "service_id": 19906724,
    "trip_id": 19906724,
    "trip_headsign": "",
    "direction_id": "",
    "block_id": "",
    "shape_id": 5514
  },
  {
    "route_id": 5514,
    "service_id": 19906709,
    "trip_id": 19906709,
    "trip_headsign": "",
    "direction_id": "",
    "block_id": "",
    "shape_id": 5514
  },
  {
    "route_id": 5514,
    "service_id": 19906710,
    "trip_id": 19906710,
    "trip_headsign": "",
    "direction_id": "",
    "block_id": "",
    "shape_id": 5514
  },
  {
    "route_id": 5514,
    "service_id": 19906711,
    "trip_id": 19906711,
    "trip_headsign": "",
    "direction_id": "",
    "block_id": "",
    "shape_id": 5514
  },
  {
    "route_id": 5514,
    "service_id": 19906712,
    "trip_id": 19906712,
    "trip_headsign": "",
    "direction_id": "",
    "block_id": "",
    "shape_id": 5514
  },
  {
    "route_id": 5514,
    "service_id": 19906713,
    "trip_id": 19906713,
    "trip_headsign": "",
    "direction_id": "",
    "block_id": "",
    "shape_id": 5514
  },
  {
    "route_id": 5514,
    "service_id": 19906714,
    "trip_id": 19906714,
    "trip_headsign": "",
    "direction_id": "",
    "block_id": "",
    "shape_id": 5514
  },
  {
    "route_id": 5514,
    "service_id": 19906715,
    "trip_id": 19906715,
    "trip_headsign": "",
    "direction_id": "",
    "block_id": "",
    "shape_id": 5514
  },
  {
    "route_id": 5514,
    "service_id": 19906716,
    "trip_id": 19906716,
    "trip_headsign": "",
    "direction_id": "",
    "block_id": "",
    "shape_id": 5514
  },
  {
    "route_id": 5514,
    "service_id": 19906717,
    "trip_id": 19906717,
    "trip_headsign": "",
    "direction_id": "",
    "block_id": "",
    "shape_id": 5514
  },
  {
    "route_id": 5514,
    "service_id": 19906718,
    "trip_id": 19906718,
    "trip_headsign": "",
    "direction_id": "",
    "block_id": "",
    "shape_id": 5514
  },
  {
    "route_id": 5514,
    "service_id": 19906719,
    "trip_id": 19906719,
    "trip_headsign": "",
    "direction_id": "",
    "block_id": "",
    "shape_id": 5514
  },
  {
    "route_id": 5514,
    "service_id": 19906720,
    "trip_id": 19906720,
    "trip_headsign": "",
    "direction_id": "",
    "block_id": "",
    "shape_id": 5514
  },
  {
    "route_id": 5514,
    "service_id": 19906721,
    "trip_id": 19906721,
    "trip_headsign": "",
    "direction_id": "",
    "block_id": "",
    "shape_id": 5514
  },
  {
    "route_id": 5514,
    "service_id": 19906722,
    "trip_id": 19906722,
    "trip_headsign": "",
    "direction_id": "",
    "block_id": "",
    "shape_id": 5514
  },
  {
    "route_id": 5514,
    "service_id": 19906742,
    "trip_id": 19906742,
    "trip_headsign": "",
    "direction_id": "",
    "block_id": "",
    "shape_id": 5514
  },
  {
    "route_id": 5514,
    "service_id": 19906784,
    "trip_id": 19906784,
    "trip_headsign": "",
    "direction_id": "",
    "block_id": "",
    "shape_id": 5514
  },
  {
    "route_id": 5514,
    "service_id": 19906756,
    "trip_id": 19906756,
    "trip_headsign": "",
    "direction_id": "",
    "block_id": "",
    "shape_id": 5514
  },
  {
    "route_id": 5514,
    "service_id": 19906777,
    "trip_id": 19906777,
    "trip_headsign": "",
    "direction_id": "",
    "block_id": "",
    "shape_id": 5514
  },
  {
    "route_id": 5514,
    "service_id": 19906803,
    "trip_id": 19906803,
    "trip_headsign": "",
    "direction_id": "",
    "block_id": "",
    "shape_id": 5514
  },
  {
    "route_id": 5514,
    "service_id": 19906763,
    "trip_id": 19906763,
    "trip_headsign": "",
    "direction_id": "",
    "block_id": "",
    "shape_id": 5514
  },
  {
    "route_id": 5514,
    "service_id": 19906749,
    "trip_id": 19906749,
    "trip_headsign": "",
    "direction_id": "",
    "block_id": "",
    "shape_id": 5514
  },
  {
    "route_id": 5514,
    "service_id": 19906770,
    "trip_id": 19906770,
    "trip_headsign": "",
    "direction_id": "",
    "block_id": "",
    "shape_id": 5514
  },
  {
    "route_id": 5514,
    "service_id": 19906772,
    "trip_id": 19906772,
    "trip_headsign": "",
    "direction_id": "",
    "block_id": "",
    "shape_id": 5514
  },
  {
    "route_id": 5514,
    "service_id": 19906774,
    "trip_id": 19906774,
    "trip_headsign": "",
    "direction_id": "",
    "block_id": "",
    "shape_id": 5514
  },
  {
    "route_id": 5514,
    "service_id": 19906751,
    "trip_id": 19906751,
    "trip_headsign": "",
    "direction_id": "",
    "block_id": "",
    "shape_id": 5514
  },
  {
    "route_id": 5514,
    "service_id": 19906753,
    "trip_id": 19906753,
    "trip_headsign": "",
    "direction_id": "",
    "block_id": "",
    "shape_id": 5514
  },
  {
    "route_id": 5514,
    "service_id": 19906758,
    "trip_id": 19906758,
    "trip_headsign": "",
    "direction_id": "",
    "block_id": "",
    "shape_id": 5514
  },
  {
    "route_id": 5514,
    "service_id": 19906760,
    "trip_id": 19906760,
    "trip_headsign": "",
    "direction_id": "",
    "block_id": "",
    "shape_id": 5514
  },
  {
    "route_id": 5514,
    "service_id": 19906765,
    "trip_id": 19906765,
    "trip_headsign": "",
    "direction_id": "",
    "block_id": "",
    "shape_id": 5514
  },
  {
    "route_id": 5514,
    "service_id": 19906767,
    "trip_id": 19906767,
    "trip_headsign": "",
    "direction_id": "",
    "block_id": "",
    "shape_id": 5514
  },
  {
    "route_id": 5514,
    "service_id": 19906781,
    "trip_id": 19906781,
    "trip_headsign": "",
    "direction_id": "",
    "block_id": "",
    "shape_id": 5514
  },
  {
    "route_id": 5514,
    "service_id": 19906729,
    "trip_id": 19906729,
    "trip_headsign": "",
    "direction_id": "",
    "block_id": "",
    "shape_id": 5514
  },
  {
    "route_id": 5514,
    "service_id": 19906731,
    "trip_id": 19906731,
    "trip_headsign": "",
    "direction_id": "",
    "block_id": "",
    "shape_id": 5514
  },
  {
    "route_id": 5514,
    "service_id": 19906733,
    "trip_id": 19906733,
    "trip_headsign": "",
    "direction_id": "",
    "block_id": "",
    "shape_id": 5514
  },
  {
    "route_id": 5514,
    "service_id": 19906735,
    "trip_id": 19906735,
    "trip_headsign": "",
    "direction_id": "",
    "block_id": "",
    "shape_id": 5514
  },
  {
    "route_id": 5514,
    "service_id": 19906737,
    "trip_id": 19906737,
    "trip_headsign": "",
    "direction_id": "",
    "block_id": "",
    "shape_id": 5514
  },
  {
    "route_id": 5514,
    "service_id": 19906739,
    "trip_id": 19906739,
    "trip_headsign": "",
    "direction_id": "",
    "block_id": "",
    "shape_id": 5514
  },
  {
    "route_id": 5514,
    "service_id": 19906744,
    "trip_id": 19906744,
    "trip_headsign": "",
    "direction_id": "",
    "block_id": "",
    "shape_id": 5514
  },
  {
    "route_id": 5514,
    "service_id": 19906746,
    "trip_id": 19906746,
    "trip_headsign": "",
    "direction_id": "",
    "block_id": "",
    "shape_id": 5514
  },
  {
    "route_id": 5514,
    "service_id": 19906798,
    "trip_id": 19906798,
    "trip_headsign": "",
    "direction_id": "",
    "block_id": "",
    "shape_id": 5514
  },
  {
    "route_id": 5514,
    "service_id": 19906800,
    "trip_id": 19906800,
    "trip_headsign": "",
    "direction_id": "",
    "block_id": "",
    "shape_id": 5514
  },
  {
    "route_id": 5514,
    "service_id": 19906786,
    "trip_id": 19906786,
    "trip_headsign": "",
    "direction_id": "",
    "block_id": "",
    "shape_id": 5514
  },
  {
    "route_id": 5514,
    "service_id": 19906779,
    "trip_id": 19906779,
    "trip_headsign": "",
    "direction_id": "",
    "block_id": "",
    "shape_id": 5514
  },
  {
    "route_id": 5514,
    "service_id": 19906788,
    "trip_id": 19906788,
    "trip_headsign": "",
    "direction_id": "",
    "block_id": "",
    "shape_id": 5514
  },
  {
    "route_id": 5514,
    "service_id": 19906790,
    "trip_id": 19906790,
    "trip_headsign": "",
    "direction_id": "",
    "block_id": "",
    "shape_id": 5514
  },
  {
    "route_id": 5514,
    "service_id": 19906794,
    "trip_id": 19906794,
    "trip_headsign": "",
    "direction_id": "",
    "block_id": "",
    "shape_id": 5514
  },
  {
    "route_id": 5514,
    "service_id": 19906727,
    "trip_id": 19906727,
    "trip_headsign": "",
    "direction_id": "",
    "block_id": "",
    "shape_id": 5514
  },
  {
    "route_id": 5514,
    "service_id": 19906796,
    "trip_id": 19906796,
    "trip_headsign": "",
    "direction_id": "",
    "block_id": "",
    "shape_id": 5514
  },
  {
    "route_id": 5514,
    "service_id": 19906792,
    "trip_id": 19906792,
    "trip_headsign": "",
    "direction_id": "",
    "block_id": "",
    "shape_id": 5514
  },
  {
    "route_id": 5514,
    "service_id": 19906805,
    "trip_id": 19906805,
    "trip_headsign": "",
    "direction_id": "",
    "block_id": "",
    "shape_id": 5514
  },
  {
    "route_id": 6231,
    "service_id": 19907682,
    "trip_id": 19907682,
    "trip_headsign": "",
    "direction_id": "",
    "block_id": "",
    "shape_id": 6231
  },
  {
    "route_id": 6231,
    "service_id": 19907683,
    "trip_id": 19907683,
    "trip_headsign": "",
    "direction_id": "",
    "block_id": "",
    "shape_id": 6231
  },
  {
    "route_id": 6231,
    "service_id": 19907684,
    "trip_id": 19907684,
    "trip_headsign": "",
    "direction_id": "",
    "block_id": "",
    "shape_id": 6231
  },
  {
    "route_id": 6231,
    "service_id": 19907679,
    "trip_id": 19907679,
    "trip_headsign": "",
    "direction_id": "",
    "block_id": "",
    "shape_id": 6231
  },
  {
    "route_id": 6231,
    "service_id": 19907687,
    "trip_id": 19907687,
    "trip_headsign": "",
    "direction_id": "",
    "block_id": "",
    "shape_id": 6231
  },
  {
    "route_id": 6231,
    "service_id": 19907689,
    "trip_id": 19907689,
    "trip_headsign": "",
    "direction_id": "",
    "block_id": "",
    "shape_id": 6231
  },
  {
    "route_id": 6231,
    "service_id": 19907690,
    "trip_id": 19907690,
    "trip_headsign": "",
    "direction_id": "",
    "block_id": "",
    "shape_id": 6231
  },
  {
    "route_id": 6231,
    "service_id": 19907692,
    "trip_id": 19907692,
    "trip_headsign": "",
    "direction_id": "",
    "block_id": "",
    "shape_id": 6231
  },
  {
    "route_id": 6231,
    "service_id": 19907694,
    "trip_id": 19907694,
    "trip_headsign": "",
    "direction_id": "",
    "block_id": "",
    "shape_id": 6231
  },
  {
    "route_id": 6231,
    "service_id": 19907696,
    "trip_id": 19907696,
    "trip_headsign": "",
    "direction_id": "",
    "block_id": "",
    "shape_id": 6231
  },
  {
    "route_id": 6231,
    "service_id": 19907698,
    "trip_id": 19907698,
    "trip_headsign": "",
    "direction_id": "",
    "block_id": "",
    "shape_id": 6231
  },
  {
    "route_id": 6231,
    "service_id": 19907700,
    "trip_id": 19907700,
    "trip_headsign": "",
    "direction_id": "",
    "block_id": "",
    "shape_id": 6231
  },
  {
    "route_id": 6231,
    "service_id": 19907702,
    "trip_id": 19907702,
    "trip_headsign": "",
    "direction_id": "",
    "block_id": "",
    "shape_id": 6231
  },
  {
    "route_id": 6231,
    "service_id": 19907704,
    "trip_id": 19907704,
    "trip_headsign": "",
    "direction_id": "",
    "block_id": "",
    "shape_id": 6231
  },
  {
    "route_id": 6231,
    "service_id": 19907706,
    "trip_id": 19907706,
    "trip_headsign": "",
    "direction_id": "",
    "block_id": "",
    "shape_id": 6231
  },
  {
    "route_id": 6231,
    "service_id": 19907708,
    "trip_id": 19907708,
    "trip_headsign": "",
    "direction_id": "",
    "block_id": "",
    "shape_id": 6231
  },
  {
    "route_id": 6231,
    "service_id": 19907710,
    "trip_id": 19907710,
    "trip_headsign": "",
    "direction_id": "",
    "block_id": "",
    "shape_id": 6231
  },
  {
    "route_id": 6231,
    "service_id": 19907711,
    "trip_id": 19907711,
    "trip_headsign": "",
    "direction_id": "",
    "block_id": "",
    "shape_id": 6231
  },
  {
    "route_id": 6231,
    "service_id": 19907712,
    "trip_id": 19907712,
    "trip_headsign": "",
    "direction_id": "",
    "block_id": "",
    "shape_id": 6231
  },
  {
    "route_id": 6231,
    "service_id": 19907713,
    "trip_id": 19907713,
    "trip_headsign": "",
    "direction_id": "",
    "block_id": "",
    "shape_id": 6231
  },
  {
    "route_id": 6231,
    "service_id": 19907714,
    "trip_id": 19907714,
    "trip_headsign": "",
    "direction_id": "",
    "block_id": "",
    "shape_id": 6231
  },
  {
    "route_id": 6231,
    "service_id": 19907715,
    "trip_id": 19907715,
    "trip_headsign": "",
    "direction_id": "",
    "block_id": "",
    "shape_id": 6231
  },
  {
    "route_id": 6231,
    "service_id": 19907716,
    "trip_id": 19907716,
    "trip_headsign": "",
    "direction_id": "",
    "block_id": "",
    "shape_id": 6231
  },
  {
    "route_id": 6231,
    "service_id": 19907717,
    "trip_id": 19907717,
    "trip_headsign": "",
    "direction_id": "",
    "block_id": "",
    "shape_id": 6231
  },
  {
    "route_id": 6231,
    "service_id": 19907718,
    "trip_id": 19907718,
    "trip_headsign": "",
    "direction_id": "",
    "block_id": "",
    "shape_id": 6231
  },
  {
    "route_id": 6231,
    "service_id": 19907719,
    "trip_id": 19907719,
    "trip_headsign": "",
    "direction_id": "",
    "block_id": "",
    "shape_id": 6231
  },
  {
    "route_id": 6231,
    "service_id": 19907720,
    "trip_id": 19907720,
    "trip_headsign": "",
    "direction_id": "",
    "block_id": "",
    "shape_id": 6231
  },
  {
    "route_id": 6231,
    "service_id": 19907721,
    "trip_id": 19907721,
    "trip_headsign": "",
    "direction_id": "",
    "block_id": "",
    "shape_id": 6231
  },
  {
    "route_id": 6231,
    "service_id": 19907722,
    "trip_id": 19907722,
    "trip_headsign": "",
    "direction_id": "",
    "block_id": "",
    "shape_id": 6231
  },
  {
    "route_id": 6231,
    "service_id": 19907723,
    "trip_id": 19907723,
    "trip_headsign": "",
    "direction_id": "",
    "block_id": "",
    "shape_id": 6231
  },
  {
    "route_id": 6231,
    "service_id": 19907680,
    "trip_id": 19907680,
    "trip_headsign": "",
    "direction_id": "",
    "block_id": "",
    "shape_id": 6231
  },
  {
    "route_id": 6231,
    "service_id": 19907685,
    "trip_id": 19907685,
    "trip_headsign": "",
    "direction_id": "",
    "block_id": "",
    "shape_id": 6231
  },
  {
    "route_id": 6232,
    "service_id": 19907724,
    "trip_id": 19907724,
    "trip_headsign": "",
    "direction_id": "",
    "block_id": "",
    "shape_id": 6232
  },
  {
    "route_id": 6232,
    "service_id": 19907725,
    "trip_id": 19907725,
    "trip_headsign": "",
    "direction_id": "",
    "block_id": "",
    "shape_id": 6232
  },
  {
    "route_id": 6232,
    "service_id": 19907726,
    "trip_id": 19907726,
    "trip_headsign": "",
    "direction_id": "",
    "block_id": "",
    "shape_id": 6232
  },
  {
    "route_id": 6232,
    "service_id": 19907727,
    "trip_id": 19907727,
    "trip_headsign": "",
    "direction_id": "",
    "block_id": "",
    "shape_id": 6232
  },
  {
    "route_id": 6232,
    "service_id": 19907728,
    "trip_id": 19907728,
    "trip_headsign": "",
    "direction_id": "",
    "block_id": "",
    "shape_id": 6232
  },
  {
    "route_id": 6232,
    "service_id": 19907729,
    "trip_id": 19907729,
    "trip_headsign": "",
    "direction_id": "",
    "block_id": "",
    "shape_id": 6232
  },
  {
    "route_id": 6232,
    "service_id": 19907730,
    "trip_id": 19907730,
    "trip_headsign": "",
    "direction_id": "",
    "block_id": "",
    "shape_id": 6232
  },
  {
    "route_id": 6232,
    "service_id": 19907731,
    "trip_id": 19907731,
    "trip_headsign": "",
    "direction_id": "",
    "block_id": "",
    "shape_id": 6232
  },
  {
    "route_id": 6232,
    "service_id": 19907732,
    "trip_id": 19907732,
    "trip_headsign": "",
    "direction_id": "",
    "block_id": "",
    "shape_id": 6232
  },
  {
    "route_id": 6232,
    "service_id": 19907735,
    "trip_id": 19907735,
    "trip_headsign": "",
    "direction_id": "",
    "block_id": "",
    "shape_id": 6232
  },
  {
    "route_id": 6232,
    "service_id": 19907738,
    "trip_id": 19907738,
    "trip_headsign": "",
    "direction_id": "",
    "block_id": "",
    "shape_id": 6232
  },
  {
    "route_id": 6232,
    "service_id": 19907740,
    "trip_id": 19907740,
    "trip_headsign": "",
    "direction_id": "",
    "block_id": "",
    "shape_id": 6232
  },
  {
    "route_id": 6232,
    "service_id": 19907742,
    "trip_id": 19907742,
    "trip_headsign": "",
    "direction_id": "",
    "block_id": "",
    "shape_id": 6232
  },
  {
    "route_id": 6232,
    "service_id": 19907751,
    "trip_id": 19907751,
    "trip_headsign": "",
    "direction_id": "",
    "block_id": "",
    "shape_id": 6232
  },
  {
    "route_id": 6232,
    "service_id": 19907753,
    "trip_id": 19907753,
    "trip_headsign": "",
    "direction_id": "",
    "block_id": "",
    "shape_id": 6232
  },
  {
    "route_id": 6232,
    "service_id": 19907755,
    "trip_id": 19907755,
    "trip_headsign": "",
    "direction_id": "",
    "block_id": "",
    "shape_id": 6232
  },
  {
    "route_id": 6232,
    "service_id": 19907757,
    "trip_id": 19907757,
    "trip_headsign": "",
    "direction_id": "",
    "block_id": "",
    "shape_id": 6232
  },
  {
    "route_id": 6232,
    "service_id": 19907758,
    "trip_id": 19907758,
    "trip_headsign": "",
    "direction_id": "",
    "block_id": "",
    "shape_id": 6232
  },
  {
    "route_id": 6232,
    "service_id": 19907759,
    "trip_id": 19907759,
    "trip_headsign": "",
    "direction_id": "",
    "block_id": "",
    "shape_id": 6232
  },
  {
    "route_id": 6232,
    "service_id": 19907760,
    "trip_id": 19907760,
    "trip_headsign": "",
    "direction_id": "",
    "block_id": "",
    "shape_id": 6232
  },
  {
    "route_id": 6232,
    "service_id": 19907761,
    "trip_id": 19907761,
    "trip_headsign": "",
    "direction_id": "",
    "block_id": "",
    "shape_id": 6232
  },
  {
    "route_id": 6232,
    "service_id": 19907762,
    "trip_id": 19907762,
    "trip_headsign": "",
    "direction_id": "",
    "block_id": "",
    "shape_id": 6232
  },
  {
    "route_id": 6232,
    "service_id": 19907763,
    "trip_id": 19907763,
    "trip_headsign": "",
    "direction_id": "",
    "block_id": "",
    "shape_id": 6232
  },
  {
    "route_id": 6232,
    "service_id": 19907764,
    "trip_id": 19907764,
    "trip_headsign": "",
    "direction_id": "",
    "block_id": "",
    "shape_id": 6232
  },
  {
    "route_id": 6232,
    "service_id": 19907743,
    "trip_id": 19907743,
    "trip_headsign": "",
    "direction_id": "",
    "block_id": "",
    "shape_id": 6232
  },
  {
    "route_id": 6232,
    "service_id": 19907744,
    "trip_id": 19907744,
    "trip_headsign": "",
    "direction_id": "",
    "block_id": "",
    "shape_id": 6232
  },
  {
    "route_id": 6232,
    "service_id": 19907745,
    "trip_id": 19907745,
    "trip_headsign": "",
    "direction_id": "",
    "block_id": "",
    "shape_id": 6232
  },
  {
    "route_id": 6232,
    "service_id": 19907746,
    "trip_id": 19907746,
    "trip_headsign": "",
    "direction_id": "",
    "block_id": "",
    "shape_id": 6232
  },
  {
    "route_id": 6232,
    "service_id": 19907747,
    "trip_id": 19907747,
    "trip_headsign": "",
    "direction_id": "",
    "block_id": "",
    "shape_id": 6232
  },
  {
    "route_id": 6232,
    "service_id": 19907748,
    "trip_id": 19907748,
    "trip_headsign": "",
    "direction_id": "",
    "block_id": "",
    "shape_id": 6232
  },
  {
    "route_id": 6232,
    "service_id": 19907749,
    "trip_id": 19907749,
    "trip_headsign": "",
    "direction_id": "",
    "block_id": "",
    "shape_id": 6232
  },
  {
    "route_id": 6232,
    "service_id": 19907736,
    "trip_id": 19907736,
    "trip_headsign": "",
    "direction_id": "",
    "block_id": "",
    "shape_id": 6232
  },
  {
    "route_id": 6876,
    "service_id": 19906987,
    "trip_id": 19906987,
    "trip_headsign": "",
    "direction_id": "",
    "block_id": "",
    "shape_id": 6876
  },
  {
    "route_id": 6876,
    "service_id": 19906988,
    "trip_id": 19906988,
    "trip_headsign": "",
    "direction_id": "",
    "block_id": "",
    "shape_id": 6876
  },
  {
    "route_id": 6876,
    "service_id": 19906989,
    "trip_id": 19906989,
    "trip_headsign": "",
    "direction_id": "",
    "block_id": "",
    "shape_id": 6876
  },
  {
    "route_id": 6877,
    "service_id": 19892777,
    "trip_id": 19892777,
    "trip_headsign": "",
    "direction_id": "",
    "block_id": "",
    "shape_id": 6877
  },
  {
    "route_id": 6877,
    "service_id": 19892778,
    "trip_id": 19892778,
    "trip_headsign": "",
    "direction_id": "",
    "block_id": "",
    "shape_id": 6877
  },
  {
    "route_id": 9412,
    "service_id": 16385942,
    "trip_id": 16385942,
    "trip_headsign": "",
    "direction_id": "",
    "block_id": "",
    "shape_id": 9412
  },
  {
    "route_id": 9412,
    "service_id": 16385941,
    "trip_id": 16385941,
    "trip_headsign": "",
    "direction_id": "",
    "block_id": "",
    "shape_id": 9412
  },
  {
    "route_id": 19933,
    "service_id": 20694969,
    "trip_id": 20694969,
    "trip_headsign": "",
    "direction_id": "",
    "block_id": "",
    "shape_id": 19933
  },
  {
    "route_id": 19933,
    "service_id": 20694970,
    "trip_id": 20694970,
    "trip_headsign": "",
    "direction_id": "",
    "block_id": "",
    "shape_id": 19933
  },
  {
    "route_id": 19933,
    "service_id": 20694971,
    "trip_id": 20694971,
    "trip_headsign": "",
    "direction_id": "",
    "block_id": "",
    "shape_id": 19933
  },
  {
    "route_id": 19933,
    "service_id": 20694972,
    "trip_id": 20694972,
    "trip_headsign": "",
    "direction_id": "",
    "block_id": "",
    "shape_id": 19933
  },
  {
    "route_id": 19933,
    "service_id": 20694973,
    "trip_id": 20694973,
    "trip_headsign": "",
    "direction_id": "",
    "block_id": "",
    "shape_id": 19933
  },
  {
    "route_id": 19933,
    "service_id": 20694974,
    "trip_id": 20694974,
    "trip_headsign": "",
    "direction_id": "",
    "block_id": "",
    "shape_id": 19933
  },
  {
    "route_id": 19933,
    "service_id": 20694975,
    "trip_id": 20694975,
    "trip_headsign": "",
    "direction_id": "",
    "block_id": "",
    "shape_id": 19933
  },
  {
    "route_id": 19933,
    "service_id": 20694976,
    "trip_id": 20694976,
    "trip_headsign": "",
    "direction_id": "",
    "block_id": "",
    "shape_id": 19933
  },
  {
    "route_id": 19933,
    "service_id": 20694977,
    "trip_id": 20694977,
    "trip_headsign": "",
    "direction_id": "",
    "block_id": "",
    "shape_id": 19933
  },
  {
    "route_id": 19933,
    "service_id": 20694978,
    "trip_id": 20694978,
    "trip_headsign": "",
    "direction_id": "",
    "block_id": "",
    "shape_id": 19933
  },
  {
    "route_id": 19933,
    "service_id": 20694979,
    "trip_id": 20694979,
    "trip_headsign": "",
    "direction_id": "",
    "block_id": "",
    "shape_id": 19933
  },
  {
    "route_id": 19933,
    "service_id": 20694980,
    "trip_id": 20694980,
    "trip_headsign": "",
    "direction_id": "",
    "block_id": "",
    "shape_id": 19933
  },
  {
    "route_id": 19933,
    "service_id": 20694981,
    "trip_id": 20694981,
    "trip_headsign": "",
    "direction_id": "",
    "block_id": "",
    "shape_id": 19933
  },
  {
    "route_id": 19933,
    "service_id": 20694982,
    "trip_id": 20694982,
    "trip_headsign": "",
    "direction_id": "",
    "block_id": "",
    "shape_id": 19933
  },
  {
    "route_id": 19933,
    "service_id": 20694983,
    "trip_id": 20694983,
    "trip_headsign": "",
    "direction_id": "",
    "block_id": "",
    "shape_id": 19933
  },
  {
    "route_id": 19933,
    "service_id": 20694984,
    "trip_id": 20694984,
    "trip_headsign": "",
    "direction_id": "",
    "block_id": "",
    "shape_id": 19933
  },
  {
    "route_id": 19933,
    "service_id": 20694985,
    "trip_id": 20694985,
    "trip_headsign": "",
    "direction_id": "",
    "block_id": "",
    "shape_id": 19933
  },
  {
    "route_id": 19933,
    "service_id": 20694986,
    "trip_id": 20694986,
    "trip_headsign": "",
    "direction_id": "",
    "block_id": "",
    "shape_id": 19933
  },
  {
    "route_id": 19933,
    "service_id": 20694987,
    "trip_id": 20694987,
    "trip_headsign": "",
    "direction_id": "",
    "block_id": "",
    "shape_id": 19933
  },
  {
    "route_id": 19933,
    "service_id": 20694988,
    "trip_id": 20694988,
    "trip_headsign": "",
    "direction_id": "",
    "block_id": "",
    "shape_id": 19933
  },
  {
    "route_id": 19933,
    "service_id": 20694989,
    "trip_id": 20694989,
    "trip_headsign": "",
    "direction_id": "",
    "block_id": "",
    "shape_id": 19933
  },
  {
    "route_id": 19933,
    "service_id": 20694990,
    "trip_id": 20694990,
    "trip_headsign": "",
    "direction_id": "",
    "block_id": "",
    "shape_id": 19933
  },
  {
    "route_id": 19933,
    "service_id": 20694943,
    "trip_id": 20694943,
    "trip_headsign": "",
    "direction_id": "",
    "block_id": "",
    "shape_id": 19933
  },
  {
    "route_id": 19933,
    "service_id": 20694946,
    "trip_id": 20694946,
    "trip_headsign": "",
    "direction_id": "",
    "block_id": "",
    "shape_id": 19933
  },
  {
    "route_id": 19933,
    "service_id": 20694958,
    "trip_id": 20694958,
    "trip_headsign": "",
    "direction_id": "",
    "block_id": "",
    "shape_id": 19933
  },
  {
    "route_id": 19933,
    "service_id": 20695000,
    "trip_id": 20695000,
    "trip_headsign": "",
    "direction_id": "",
    "block_id": "",
    "shape_id": 19933
  },
  {
    "route_id": 19933,
    "service_id": 20694949,
    "trip_id": 20694949,
    "trip_headsign": "",
    "direction_id": "",
    "block_id": "",
    "shape_id": 19933
  },
  {
    "route_id": 19933,
    "service_id": 20694952,
    "trip_id": 20694952,
    "trip_headsign": "",
    "direction_id": "",
    "block_id": "",
    "shape_id": 19933
  },
  {
    "route_id": 19933,
    "service_id": 20694955,
    "trip_id": 20694955,
    "trip_headsign": "",
    "direction_id": "",
    "block_id": "",
    "shape_id": 19933
  },
  {
    "route_id": 19933,
    "service_id": 20694967,
    "trip_id": 20694967,
    "trip_headsign": "",
    "direction_id": "",
    "block_id": "",
    "shape_id": 19933
  },
  {
    "route_id": 19933,
    "service_id": 20694992,
    "trip_id": 20694992,
    "trip_headsign": "",
    "direction_id": "",
    "block_id": "",
    "shape_id": 19933
  },
  {
    "route_id": 19933,
    "service_id": 20694993,
    "trip_id": 20694993,
    "trip_headsign": "",
    "direction_id": "",
    "block_id": "",
    "shape_id": 19933
  },
  {
    "route_id": 19933,
    "service_id": 20694994,
    "trip_id": 20694994,
    "trip_headsign": "",
    "direction_id": "",
    "block_id": "",
    "shape_id": 19933
  },
  {
    "route_id": 19933,
    "service_id": 20694995,
    "trip_id": 20694995,
    "trip_headsign": "",
    "direction_id": "",
    "block_id": "",
    "shape_id": 19933
  },
  {
    "route_id": 19933,
    "service_id": 20694996,
    "trip_id": 20694996,
    "trip_headsign": "",
    "direction_id": "",
    "block_id": "",
    "shape_id": 19933
  },
  {
    "route_id": 19933,
    "service_id": 20694997,
    "trip_id": 20694997,
    "trip_headsign": "",
    "direction_id": "",
    "block_id": "",
    "shape_id": 19933
  },
  {
    "route_id": 19933,
    "service_id": 20694998,
    "trip_id": 20694998,
    "trip_headsign": "",
    "direction_id": "",
    "block_id": "",
    "shape_id": 19933
  },
  {
    "route_id": 19933,
    "service_id": 20694999,
    "trip_id": 20694999,
    "trip_headsign": "",
    "direction_id": "",
    "block_id": "",
    "shape_id": 19933
  },
  {
    "route_id": 19933,
    "service_id": 20694968,
    "trip_id": 20694968,
    "trip_headsign": "",
    "direction_id": "",
    "block_id": "",
    "shape_id": 19933
  },
  {
    "route_id": 19933,
    "service_id": 20694956,
    "trip_id": 20694956,
    "trip_headsign": "",
    "direction_id": "",
    "block_id": "",
    "shape_id": 19933
  },
  {
    "route_id": 19933,
    "service_id": 20694957,
    "trip_id": 20694957,
    "trip_headsign": "",
    "direction_id": "",
    "block_id": "",
    "shape_id": 19933
  },
  {
    "route_id": 19933,
    "service_id": 20694953,
    "trip_id": 20694953,
    "trip_headsign": "",
    "direction_id": "",
    "block_id": "",
    "shape_id": 19933
  },
  {
    "route_id": 19933,
    "service_id": 20694954,
    "trip_id": 20694954,
    "trip_headsign": "",
    "direction_id": "",
    "block_id": "",
    "shape_id": 19933
  },
  {
    "route_id": 19933,
    "service_id": 20694950,
    "trip_id": 20694950,
    "trip_headsign": "",
    "direction_id": "",
    "block_id": "",
    "shape_id": 19933
  },
  {
    "route_id": 19933,
    "service_id": 20694951,
    "trip_id": 20694951,
    "trip_headsign": "",
    "direction_id": "",
    "block_id": "",
    "shape_id": 19933
  },
  {
    "route_id": 19933,
    "service_id": 20695001,
    "trip_id": 20695001,
    "trip_headsign": "",
    "direction_id": "",
    "block_id": "",
    "shape_id": 19933
  },
  {
    "route_id": 19933,
    "service_id": 20694942,
    "trip_id": 20694942,
    "trip_headsign": "",
    "direction_id": "",
    "block_id": "",
    "shape_id": 19933
  },
  {
    "route_id": 19933,
    "service_id": 20694959,
    "trip_id": 20694959,
    "trip_headsign": "",
    "direction_id": "",
    "block_id": "",
    "shape_id": 19933
  },
  {
    "route_id": 19933,
    "service_id": 20694960,
    "trip_id": 20694960,
    "trip_headsign": "",
    "direction_id": "",
    "block_id": "",
    "shape_id": 19933
  },
  {
    "route_id": 19933,
    "service_id": 20694961,
    "trip_id": 20694961,
    "trip_headsign": "",
    "direction_id": "",
    "block_id": "",
    "shape_id": 19933
  },
  {
    "route_id": 19933,
    "service_id": 20694962,
    "trip_id": 20694962,
    "trip_headsign": "",
    "direction_id": "",
    "block_id": "",
    "shape_id": 19933
  },
  {
    "route_id": 19933,
    "service_id": 20694963,
    "trip_id": 20694963,
    "trip_headsign": "",
    "direction_id": "",
    "block_id": "",
    "shape_id": 19933
  },
  {
    "route_id": 19933,
    "service_id": 20694964,
    "trip_id": 20694964,
    "trip_headsign": "",
    "direction_id": "",
    "block_id": "",
    "shape_id": 19933
  },
  {
    "route_id": 19933,
    "service_id": 20694965,
    "trip_id": 20694965,
    "trip_headsign": "",
    "direction_id": "",
    "block_id": "",
    "shape_id": 19933
  },
  {
    "route_id": 19933,
    "service_id": 20694966,
    "trip_id": 20694966,
    "trip_headsign": "",
    "direction_id": "",
    "block_id": "",
    "shape_id": 19933
  },
  {
    "route_id": 19933,
    "service_id": 20694947,
    "trip_id": 20694947,
    "trip_headsign": "",
    "direction_id": "",
    "block_id": "",
    "shape_id": 19933
  },
  {
    "route_id": 19933,
    "service_id": 20694948,
    "trip_id": 20694948,
    "trip_headsign": "",
    "direction_id": "",
    "block_id": "",
    "shape_id": 19933
  },
  {
    "route_id": 19933,
    "service_id": 20694944,
    "trip_id": 20694944,
    "trip_headsign": "",
    "direction_id": "",
    "block_id": "",
    "shape_id": 19933
  },
  {
    "route_id": 19933,
    "service_id": 20694945,
    "trip_id": 20694945,
    "trip_headsign": "",
    "direction_id": "",
    "block_id": "",
    "shape_id": 19933
  },
  {
    "route_id": 19933,
    "service_id": 20694991,
    "trip_id": 20694991,
    "trip_headsign": "",
    "direction_id": "",
    "block_id": "",
    "shape_id": 19933
  },
  {
    "route_id": 19933,
    "service_id": 20695002,
    "trip_id": 20695002,
    "trip_headsign": "",
    "direction_id": "",
    "block_id": "",
    "shape_id": 19933
  },
  {
    "route_id": 20083,
    "service_id": 16386006,
    "trip_id": 16386006,
    "trip_headsign": "",
    "direction_id": "",
    "block_id": "",
    "shape_id": 20083
  },
  {
    "route_id": 20083,
    "service_id": 16386008,
    "trip_id": 16386008,
    "trip_headsign": "",
    "direction_id": "",
    "block_id": "",
    "shape_id": 20083
  },
  {
    "route_id": 20083,
    "service_id": 16386011,
    "trip_id": 16386011,
    "trip_headsign": "",
    "direction_id": "",
    "block_id": "",
    "shape_id": 20083
  },
  {
    "route_id": 20083,
    "service_id": 16385980,
    "trip_id": 16385980,
    "trip_headsign": "",
    "direction_id": "",
    "block_id": "",
    "shape_id": 20083
  },
  {
    "route_id": 20083,
    "service_id": 16385982,
    "trip_id": 16385982,
    "trip_headsign": "",
    "direction_id": "",
    "block_id": "",
    "shape_id": 20083
  },
  {
    "route_id": 20083,
    "service_id": 16385986,
    "trip_id": 16385986,
    "trip_headsign": "",
    "direction_id": "",
    "block_id": "",
    "shape_id": 20083
  },
  {
    "route_id": 20083,
    "service_id": 16385988,
    "trip_id": 16385988,
    "trip_headsign": "",
    "direction_id": "",
    "block_id": "",
    "shape_id": 20083
  },
  {
    "route_id": 20083,
    "service_id": 16385990,
    "trip_id": 16385990,
    "trip_headsign": "",
    "direction_id": "",
    "block_id": "",
    "shape_id": 20083
  },
  {
    "route_id": 20083,
    "service_id": 16385992,
    "trip_id": 16385992,
    "trip_headsign": "",
    "direction_id": "",
    "block_id": "",
    "shape_id": 20083
  },
  {
    "route_id": 20083,
    "service_id": 16385994,
    "trip_id": 16385994,
    "trip_headsign": "",
    "direction_id": "",
    "block_id": "",
    "shape_id": 20083
  },
  {
    "route_id": 20083,
    "service_id": 16385996,
    "trip_id": 16385996,
    "trip_headsign": "",
    "direction_id": "",
    "block_id": "",
    "shape_id": 20083
  },
  {
    "route_id": 20083,
    "service_id": 16385998,
    "trip_id": 16385998,
    "trip_headsign": "",
    "direction_id": "",
    "block_id": "",
    "shape_id": 20083
  },
  {
    "route_id": 20083,
    "service_id": 16386000,
    "trip_id": 16386000,
    "trip_headsign": "",
    "direction_id": "",
    "block_id": "",
    "shape_id": 20083
  },
  {
    "route_id": 20083,
    "service_id": 16386002,
    "trip_id": 16386002,
    "trip_headsign": "",
    "direction_id": "",
    "block_id": "",
    "shape_id": 20083
  },
  {
    "route_id": 20083,
    "service_id": 16386004,
    "trip_id": 16386004,
    "trip_headsign": "",
    "direction_id": "",
    "block_id": "",
    "shape_id": 20083
  },
  {
    "route_id": 20083,
    "service_id": 16385978,
    "trip_id": 16385978,
    "trip_headsign": "",
    "direction_id": "",
    "block_id": "",
    "shape_id": 20083
  },
  {
    "route_id": 20083,
    "service_id": 16385979,
    "trip_id": 16385979,
    "trip_headsign": "",
    "direction_id": "",
    "block_id": "",
    "shape_id": 20083
  },
  {
    "route_id": 20083,
    "service_id": 16385981,
    "trip_id": 16385981,
    "trip_headsign": "",
    "direction_id": "",
    "block_id": "",
    "shape_id": 20083
  },
  {
    "route_id": 20083,
    "service_id": 16385989,
    "trip_id": 16385989,
    "trip_headsign": "",
    "direction_id": "",
    "block_id": "",
    "shape_id": 20083
  },
  {
    "route_id": 20083,
    "service_id": 16385987,
    "trip_id": 16385987,
    "trip_headsign": "",
    "direction_id": "",
    "block_id": "",
    "shape_id": 20083
  },
  {
    "route_id": 20083,
    "service_id": 16385983,
    "trip_id": 16385983,
    "trip_headsign": "",
    "direction_id": "",
    "block_id": "",
    "shape_id": 20083
  },
  {
    "route_id": 20083,
    "service_id": 16385985,
    "trip_id": 16385985,
    "trip_headsign": "",
    "direction_id": "",
    "block_id": "",
    "shape_id": 20083
  },
  {
    "route_id": 20083,
    "service_id": 16386005,
    "trip_id": 16386005,
    "trip_headsign": "",
    "direction_id": "",
    "block_id": "",
    "shape_id": 20083
  },
  {
    "route_id": 20083,
    "service_id": 16386003,
    "trip_id": 16386003,
    "trip_headsign": "",
    "direction_id": "",
    "block_id": "",
    "shape_id": 20083
  },
  {
    "route_id": 20083,
    "service_id": 16386001,
    "trip_id": 16386001,
    "trip_headsign": "",
    "direction_id": "",
    "block_id": "",
    "shape_id": 20083
  },
  {
    "route_id": 20083,
    "service_id": 16385999,
    "trip_id": 16385999,
    "trip_headsign": "",
    "direction_id": "",
    "block_id": "",
    "shape_id": 20083
  },
  {
    "route_id": 20083,
    "service_id": 16385997,
    "trip_id": 16385997,
    "trip_headsign": "",
    "direction_id": "",
    "block_id": "",
    "shape_id": 20083
  },
  {
    "route_id": 20083,
    "service_id": 16385995,
    "trip_id": 16385995,
    "trip_headsign": "",
    "direction_id": "",
    "block_id": "",
    "shape_id": 20083
  },
  {
    "route_id": 20083,
    "service_id": 16385993,
    "trip_id": 16385993,
    "trip_headsign": "",
    "direction_id": "",
    "block_id": "",
    "shape_id": 20083
  },
  {
    "route_id": 20083,
    "service_id": 16385991,
    "trip_id": 16385991,
    "trip_headsign": "",
    "direction_id": "",
    "block_id": "",
    "shape_id": 20083
  },
  {
    "route_id": 20083,
    "service_id": 16386012,
    "trip_id": 16386012,
    "trip_headsign": "",
    "direction_id": "",
    "block_id": "",
    "shape_id": 20083
  },
  {
    "route_id": 20083,
    "service_id": 16386007,
    "trip_id": 16386007,
    "trip_headsign": "",
    "direction_id": "",
    "block_id": "",
    "shape_id": 20083
  },
  {
    "route_id": 20083,
    "service_id": 16386009,
    "trip_id": 16386009,
    "trip_headsign": "",
    "direction_id": "",
    "block_id": "",
    "shape_id": 20083
  },
  {
    "route_id": 20083,
    "service_id": 16386010,
    "trip_id": 16386010,
    "trip_headsign": "",
    "direction_id": "",
    "block_id": "",
    "shape_id": 20083
  },
  {
    "route_id": 20083,
    "service_id": 16385984,
    "trip_id": 16385984,
    "trip_headsign": "",
    "direction_id": "",
    "block_id": "",
    "shape_id": 20083
  },
  {
    "route_id": 20084,
    "service_id": 16386075,
    "trip_id": 16386075,
    "trip_headsign": "",
    "direction_id": "",
    "block_id": "",
    "shape_id": 20084
  },
  {
    "route_id": 20084,
    "service_id": 16386077,
    "trip_id": 16386077,
    "trip_headsign": "",
    "direction_id": "",
    "block_id": "",
    "shape_id": 20084
  },
  {
    "route_id": 20084,
    "service_id": 16386047,
    "trip_id": 16386047,
    "trip_headsign": "",
    "direction_id": "",
    "block_id": "",
    "shape_id": 20084
  },
  {
    "route_id": 20084,
    "service_id": 16386049,
    "trip_id": 16386049,
    "trip_headsign": "",
    "direction_id": "",
    "block_id": "",
    "shape_id": 20084
  },
  {
    "route_id": 20084,
    "service_id": 16386051,
    "trip_id": 16386051,
    "trip_headsign": "",
    "direction_id": "",
    "block_id": "",
    "shape_id": 20084
  },
  {
    "route_id": 20084,
    "service_id": 16386053,
    "trip_id": 16386053,
    "trip_headsign": "",
    "direction_id": "",
    "block_id": "",
    "shape_id": 20084
  },
  {
    "route_id": 20084,
    "service_id": 16386055,
    "trip_id": 16386055,
    "trip_headsign": "",
    "direction_id": "",
    "block_id": "",
    "shape_id": 20084
  },
  {
    "route_id": 20084,
    "service_id": 16386057,
    "trip_id": 16386057,
    "trip_headsign": "",
    "direction_id": "",
    "block_id": "",
    "shape_id": 20084
  },
  {
    "route_id": 20084,
    "service_id": 16386059,
    "trip_id": 16386059,
    "trip_headsign": "",
    "direction_id": "",
    "block_id": "",
    "shape_id": 20084
  },
  {
    "route_id": 20084,
    "service_id": 16386061,
    "trip_id": 16386061,
    "trip_headsign": "",
    "direction_id": "",
    "block_id": "",
    "shape_id": 20084
  },
  {
    "route_id": 20084,
    "service_id": 16386063,
    "trip_id": 16386063,
    "trip_headsign": "",
    "direction_id": "",
    "block_id": "",
    "shape_id": 20084
  },
  {
    "route_id": 20084,
    "service_id": 16386065,
    "trip_id": 16386065,
    "trip_headsign": "",
    "direction_id": "",
    "block_id": "",
    "shape_id": 20084
  },
  {
    "route_id": 20084,
    "service_id": 16386067,
    "trip_id": 16386067,
    "trip_headsign": "",
    "direction_id": "",
    "block_id": "",
    "shape_id": 20084
  },
  {
    "route_id": 20084,
    "service_id": 16386069,
    "trip_id": 16386069,
    "trip_headsign": "",
    "direction_id": "",
    "block_id": "",
    "shape_id": 20084
  },
  {
    "route_id": 20084,
    "service_id": 16386071,
    "trip_id": 16386071,
    "trip_headsign": "",
    "direction_id": "",
    "block_id": "",
    "shape_id": 20084
  },
  {
    "route_id": 20084,
    "service_id": 16386073,
    "trip_id": 16386073,
    "trip_headsign": "",
    "direction_id": "",
    "block_id": "",
    "shape_id": 20084
  },
  {
    "route_id": 20084,
    "service_id": 16386074,
    "trip_id": 16386074,
    "trip_headsign": "",
    "direction_id": "",
    "block_id": "",
    "shape_id": 20084
  },
  {
    "route_id": 20084,
    "service_id": 16386072,
    "trip_id": 16386072,
    "trip_headsign": "",
    "direction_id": "",
    "block_id": "",
    "shape_id": 20084
  },
  {
    "route_id": 20084,
    "service_id": 16386070,
    "trip_id": 16386070,
    "trip_headsign": "",
    "direction_id": "",
    "block_id": "",
    "shape_id": 20084
  },
  {
    "route_id": 20084,
    "service_id": 16386068,
    "trip_id": 16386068,
    "trip_headsign": "",
    "direction_id": "",
    "block_id": "",
    "shape_id": 20084
  },
  {
    "route_id": 20084,
    "service_id": 16386066,
    "trip_id": 16386066,
    "trip_headsign": "",
    "direction_id": "",
    "block_id": "",
    "shape_id": 20084
  },
  {
    "route_id": 20084,
    "service_id": 16386064,
    "trip_id": 16386064,
    "trip_headsign": "",
    "direction_id": "",
    "block_id": "",
    "shape_id": 20084
  },
  {
    "route_id": 20084,
    "service_id": 16386062,
    "trip_id": 16386062,
    "trip_headsign": "",
    "direction_id": "",
    "block_id": "",
    "shape_id": 20084
  },
  {
    "route_id": 20084,
    "service_id": 16386060,
    "trip_id": 16386060,
    "trip_headsign": "",
    "direction_id": "",
    "block_id": "",
    "shape_id": 20084
  },
  {
    "route_id": 20084,
    "service_id": 16386058,
    "trip_id": 16386058,
    "trip_headsign": "",
    "direction_id": "",
    "block_id": "",
    "shape_id": 20084
  },
  {
    "route_id": 20084,
    "service_id": 16386056,
    "trip_id": 16386056,
    "trip_headsign": "",
    "direction_id": "",
    "block_id": "",
    "shape_id": 20084
  },
  {
    "route_id": 20084,
    "service_id": 16386054,
    "trip_id": 16386054,
    "trip_headsign": "",
    "direction_id": "",
    "block_id": "",
    "shape_id": 20084
  },
  {
    "route_id": 20084,
    "service_id": 16386052,
    "trip_id": 16386052,
    "trip_headsign": "",
    "direction_id": "",
    "block_id": "",
    "shape_id": 20084
  },
  {
    "route_id": 20084,
    "service_id": 16386050,
    "trip_id": 16386050,
    "trip_headsign": "",
    "direction_id": "",
    "block_id": "",
    "shape_id": 20084
  },
  {
    "route_id": 20084,
    "service_id": 16386048,
    "trip_id": 16386048,
    "trip_headsign": "",
    "direction_id": "",
    "block_id": "",
    "shape_id": 20084
  },
  {
    "route_id": 20084,
    "service_id": 16386046,
    "trip_id": 16386046,
    "trip_headsign": "",
    "direction_id": "",
    "block_id": "",
    "shape_id": 20084
  },
  {
    "route_id": 20084,
    "service_id": 16386078,
    "trip_id": 16386078,
    "trip_headsign": "",
    "direction_id": "",
    "block_id": "",
    "shape_id": 20084
  },
  {
    "route_id": 20084,
    "service_id": 16386076,
    "trip_id": 16386076,
    "trip_headsign": "",
    "direction_id": "",
    "block_id": "",
    "shape_id": 20084
  },
  {
    "route_id": 22018,
    "service_id": 19907098,
    "trip_id": 19907098,
    "trip_headsign": "",
    "direction_id": "",
    "block_id": "",
    "shape_id": 22018
  },
  {
    "route_id": 22018,
    "service_id": 19907099,
    "trip_id": 19907099,
    "trip_headsign": "",
    "direction_id": "",
    "block_id": "",
    "shape_id": 22018
  },
  {
    "route_id": 22018,
    "service_id": 19907100,
    "trip_id": 19907100,
    "trip_headsign": "",
    "direction_id": "",
    "block_id": "",
    "shape_id": 22018
  },
  {
    "route_id": 22018,
    "service_id": 19907101,
    "trip_id": 19907101,
    "trip_headsign": "",
    "direction_id": "",
    "block_id": "",
    "shape_id": 22018
  },
  {
    "route_id": 22018,
    "service_id": 19907102,
    "trip_id": 19907102,
    "trip_headsign": "",
    "direction_id": "",
    "block_id": "",
    "shape_id": 22018
  },
  {
    "route_id": 22018,
    "service_id": 19907103,
    "trip_id": 19907103,
    "trip_headsign": "",
    "direction_id": "",
    "block_id": "",
    "shape_id": 22018
  },
  {
    "route_id": 22018,
    "service_id": 19907104,
    "trip_id": 19907104,
    "trip_headsign": "",
    "direction_id": "",
    "block_id": "",
    "shape_id": 22018
  },
  {
    "route_id": 22018,
    "service_id": 19907105,
    "trip_id": 19907105,
    "trip_headsign": "",
    "direction_id": "",
    "block_id": "",
    "shape_id": 22018
  },
  {
    "route_id": 22018,
    "service_id": 19907106,
    "trip_id": 19907106,
    "trip_headsign": "",
    "direction_id": "",
    "block_id": "",
    "shape_id": 22018
  },
  {
    "route_id": 22018,
    "service_id": 19907108,
    "trip_id": 19907108,
    "trip_headsign": "",
    "direction_id": "",
    "block_id": "",
    "shape_id": 22018
  },
  {
    "route_id": 22018,
    "service_id": 19907110,
    "trip_id": 19907110,
    "trip_headsign": "",
    "direction_id": "",
    "block_id": "",
    "shape_id": 22018
  },
  {
    "route_id": 22018,
    "service_id": 19907112,
    "trip_id": 19907112,
    "trip_headsign": "",
    "direction_id": "",
    "block_id": "",
    "shape_id": 22018
  },
  {
    "route_id": 22018,
    "service_id": 19907114,
    "trip_id": 19907114,
    "trip_headsign": "",
    "direction_id": "",
    "block_id": "",
    "shape_id": 22018
  },
  {
    "route_id": 22018,
    "service_id": 19907116,
    "trip_id": 19907116,
    "trip_headsign": "",
    "direction_id": "",
    "block_id": "",
    "shape_id": 22018
  },
  {
    "route_id": 22018,
    "service_id": 19907118,
    "trip_id": 19907118,
    "trip_headsign": "",
    "direction_id": "",
    "block_id": "",
    "shape_id": 22018
  },
  {
    "route_id": 22018,
    "service_id": 19907120,
    "trip_id": 19907120,
    "trip_headsign": "",
    "direction_id": "",
    "block_id": "",
    "shape_id": 22018
  },
  {
    "route_id": 22018,
    "service_id": 19907097,
    "trip_id": 19907097,
    "trip_headsign": "",
    "direction_id": "",
    "block_id": "",
    "shape_id": 22018
  },
  {
    "route_id": 22019,
    "service_id": 19907125,
    "trip_id": 19907125,
    "trip_headsign": "",
    "direction_id": "",
    "block_id": "",
    "shape_id": 22019
  },
  {
    "route_id": 22019,
    "service_id": 19907126,
    "trip_id": 19907126,
    "trip_headsign": "",
    "direction_id": "",
    "block_id": "",
    "shape_id": 22019
  },
  {
    "route_id": 22019,
    "service_id": 19907121,
    "trip_id": 19907121,
    "trip_headsign": "",
    "direction_id": "",
    "block_id": "",
    "shape_id": 22019
  },
  {
    "route_id": 22019,
    "service_id": 19907122,
    "trip_id": 19907122,
    "trip_headsign": "",
    "direction_id": "",
    "block_id": "",
    "shape_id": 22019
  },
  {
    "route_id": 22019,
    "service_id": 19907123,
    "trip_id": 19907123,
    "trip_headsign": "",
    "direction_id": "",
    "block_id": "",
    "shape_id": 22019
  },
  {
    "route_id": 22019,
    "service_id": 19907128,
    "trip_id": 19907128,
    "trip_headsign": "",
    "direction_id": "",
    "block_id": "",
    "shape_id": 22019
  },
  {
    "route_id": 22019,
    "service_id": 19907129,
    "trip_id": 19907129,
    "trip_headsign": "",
    "direction_id": "",
    "block_id": "",
    "shape_id": 22019
  },
  {
    "route_id": 22019,
    "service_id": 19907132,
    "trip_id": 19907132,
    "trip_headsign": "",
    "direction_id": "",
    "block_id": "",
    "shape_id": 22019
  },
  {
    "route_id": 22019,
    "service_id": 19907134,
    "trip_id": 19907134,
    "trip_headsign": "",
    "direction_id": "",
    "block_id": "",
    "shape_id": 22019
  },
  {
    "route_id": 22019,
    "service_id": 19907136,
    "trip_id": 19907136,
    "trip_headsign": "",
    "direction_id": "",
    "block_id": "",
    "shape_id": 22019
  },
  {
    "route_id": 22019,
    "service_id": 19907138,
    "trip_id": 19907138,
    "trip_headsign": "",
    "direction_id": "",
    "block_id": "",
    "shape_id": 22019
  },
  {
    "route_id": 22019,
    "service_id": 19907140,
    "trip_id": 19907140,
    "trip_headsign": "",
    "direction_id": "",
    "block_id": "",
    "shape_id": 22019
  },
  {
    "route_id": 22019,
    "service_id": 19907142,
    "trip_id": 19907142,
    "trip_headsign": "",
    "direction_id": "",
    "block_id": "",
    "shape_id": 22019
  },
  {
    "route_id": 22019,
    "service_id": 19907144,
    "trip_id": 19907144,
    "trip_headsign": "",
    "direction_id": "",
    "block_id": "",
    "shape_id": 22019
  },
  {
    "route_id": 22019,
    "service_id": 19907124,
    "trip_id": 19907124,
    "trip_headsign": "",
    "direction_id": "",
    "block_id": "",
    "shape_id": 22019
  },
  {
    "route_id": 22019,
    "service_id": 19907127,
    "trip_id": 19907127,
    "trip_headsign": "",
    "direction_id": "",
    "block_id": "",
    "shape_id": 22019
  },
  {
    "route_id": 22020,
    "service_id": 19907765,
    "trip_id": 19907765,
    "trip_headsign": "",
    "direction_id": "",
    "block_id": "",
    "shape_id": 22020
  },
  {
    "route_id": 22020,
    "service_id": 19907766,
    "trip_id": 19907766,
    "trip_headsign": "",
    "direction_id": "",
    "block_id": "",
    "shape_id": 22020
  },
  {
    "route_id": 22021,
    "service_id": 19907770,
    "trip_id": 19907770,
    "trip_headsign": "",
    "direction_id": "",
    "block_id": "",
    "shape_id": 22021
  },
  {
    "route_id": 22021,
    "service_id": 19907771,
    "trip_id": 19907771,
    "trip_headsign": "",
    "direction_id": "",
    "block_id": "",
    "shape_id": 22021
  },
  {
    "route_id": 22021,
    "service_id": 19907767,
    "trip_id": 19907767,
    "trip_headsign": "",
    "direction_id": "",
    "block_id": "",
    "shape_id": 22021
  },
  {
    "route_id": 22021,
    "service_id": 19907769,
    "trip_id": 19907769,
    "trip_headsign": "",
    "direction_id": "",
    "block_id": "",
    "shape_id": 22021
  },
  {
    "route_id": 22022,
    "service_id": 19907772,
    "trip_id": 19907772,
    "trip_headsign": "",
    "direction_id": "",
    "block_id": "",
    "shape_id": 22022
  },
  {
    "route_id": 22022,
    "service_id": 19907773,
    "trip_id": 19907773,
    "trip_headsign": "",
    "direction_id": "",
    "block_id": "",
    "shape_id": 22022
  },
  {
    "route_id": 22022,
    "service_id": 19907774,
    "trip_id": 19907774,
    "trip_headsign": "",
    "direction_id": "",
    "block_id": "",
    "shape_id": 22022
  },
  {
    "route_id": 22022,
    "service_id": 19907775,
    "trip_id": 19907775,
    "trip_headsign": "",
    "direction_id": "",
    "block_id": "",
    "shape_id": 22022
  },
  {
    "route_id": 22022,
    "service_id": 19907776,
    "trip_id": 19907776,
    "trip_headsign": "",
    "direction_id": "",
    "block_id": "",
    "shape_id": 22022
  },
  {
    "route_id": 22022,
    "service_id": 19907777,
    "trip_id": 19907777,
    "trip_headsign": "",
    "direction_id": "",
    "block_id": "",
    "shape_id": 22022
  },
  {
    "route_id": 22022,
    "service_id": 19907778,
    "trip_id": 19907778,
    "trip_headsign": "",
    "direction_id": "",
    "block_id": "",
    "shape_id": 22022
  },
  {
    "route_id": 22022,
    "service_id": 19907779,
    "trip_id": 19907779,
    "trip_headsign": "",
    "direction_id": "",
    "block_id": "",
    "shape_id": 22022
  },
  {
    "route_id": 22022,
    "service_id": 19907780,
    "trip_id": 19907780,
    "trip_headsign": "",
    "direction_id": "",
    "block_id": "",
    "shape_id": 22022
  },
  {
    "route_id": 22022,
    "service_id": 19907781,
    "trip_id": 19907781,
    "trip_headsign": "",
    "direction_id": "",
    "block_id": "",
    "shape_id": 22022
  },
  {
    "route_id": 22022,
    "service_id": 19907782,
    "trip_id": 19907782,
    "trip_headsign": "",
    "direction_id": "",
    "block_id": "",
    "shape_id": 22022
  },
  {
    "route_id": 22022,
    "service_id": 19907783,
    "trip_id": 19907783,
    "trip_headsign": "",
    "direction_id": "",
    "block_id": "",
    "shape_id": 22022
  },
  {
    "route_id": 22022,
    "service_id": 19907784,
    "trip_id": 19907784,
    "trip_headsign": "",
    "direction_id": "",
    "block_id": "",
    "shape_id": 22022
  },
  {
    "route_id": 22022,
    "service_id": 19907785,
    "trip_id": 19907785,
    "trip_headsign": "",
    "direction_id": "",
    "block_id": "",
    "shape_id": 22022
  },
  {
    "route_id": 22022,
    "service_id": 19907786,
    "trip_id": 19907786,
    "trip_headsign": "",
    "direction_id": "",
    "block_id": "",
    "shape_id": 22022
  },
  {
    "route_id": 22022,
    "service_id": 19907787,
    "trip_id": 19907787,
    "trip_headsign": "",
    "direction_id": "",
    "block_id": "",
    "shape_id": 22022
  },
  {
    "route_id": 22022,
    "service_id": 19907788,
    "trip_id": 19907788,
    "trip_headsign": "",
    "direction_id": "",
    "block_id": "",
    "shape_id": 22022
  },
  {
    "route_id": 22022,
    "service_id": 19907789,
    "trip_id": 19907789,
    "trip_headsign": "",
    "direction_id": "",
    "block_id": "",
    "shape_id": 22022
  },
  {
    "route_id": 22022,
    "service_id": 19907790,
    "trip_id": 19907790,
    "trip_headsign": "",
    "direction_id": "",
    "block_id": "",
    "shape_id": 22022
  },
  {
    "route_id": 22022,
    "service_id": 19907791,
    "trip_id": 19907791,
    "trip_headsign": "",
    "direction_id": "",
    "block_id": "",
    "shape_id": 22022
  },
  {
    "route_id": 22022,
    "service_id": 19907793,
    "trip_id": 19907793,
    "trip_headsign": "",
    "direction_id": "",
    "block_id": "",
    "shape_id": 22022
  },
  {
    "route_id": 22022,
    "service_id": 19907794,
    "trip_id": 19907794,
    "trip_headsign": "",
    "direction_id": "",
    "block_id": "",
    "shape_id": 22022
  },
  {
    "route_id": 22022,
    "service_id": 19907792,
    "trip_id": 19907792,
    "trip_headsign": "",
    "direction_id": "",
    "block_id": "",
    "shape_id": 22022
  },
  {
    "route_id": 22023,
    "service_id": 19907795,
    "trip_id": 19907795,
    "trip_headsign": "",
    "direction_id": "",
    "block_id": "",
    "shape_id": 22023
  },
  {
    "route_id": 22023,
    "service_id": 19907796,
    "trip_id": 19907796,
    "trip_headsign": "",
    "direction_id": "",
    "block_id": "",
    "shape_id": 22023
  },
  {
    "route_id": 22023,
    "service_id": 19907797,
    "trip_id": 19907797,
    "trip_headsign": "",
    "direction_id": "",
    "block_id": "",
    "shape_id": 22023
  },
  {
    "route_id": 22023,
    "service_id": 19907798,
    "trip_id": 19907798,
    "trip_headsign": "",
    "direction_id": "",
    "block_id": "",
    "shape_id": 22023
  },
  {
    "route_id": 22023,
    "service_id": 19907799,
    "trip_id": 19907799,
    "trip_headsign": "",
    "direction_id": "",
    "block_id": "",
    "shape_id": 22023
  },
  {
    "route_id": 22023,
    "service_id": 19907800,
    "trip_id": 19907800,
    "trip_headsign": "",
    "direction_id": "",
    "block_id": "",
    "shape_id": 22023
  },
  {
    "route_id": 22023,
    "service_id": 19907802,
    "trip_id": 19907802,
    "trip_headsign": "",
    "direction_id": "",
    "block_id": "",
    "shape_id": 22023
  },
  {
    "route_id": 22023,
    "service_id": 19907826,
    "trip_id": 19907826,
    "trip_headsign": "",
    "direction_id": "",
    "block_id": "",
    "shape_id": 22023
  },
  {
    "route_id": 22023,
    "service_id": 19907820,
    "trip_id": 19907820,
    "trip_headsign": "",
    "direction_id": "",
    "block_id": "",
    "shape_id": 22023
  },
  {
    "route_id": 22023,
    "service_id": 19907817,
    "trip_id": 19907817,
    "trip_headsign": "",
    "direction_id": "",
    "block_id": "",
    "shape_id": 22023
  },
  {
    "route_id": 22023,
    "service_id": 19907823,
    "trip_id": 19907823,
    "trip_headsign": "",
    "direction_id": "",
    "block_id": "",
    "shape_id": 22023
  },
  {
    "route_id": 22023,
    "service_id": 19907811,
    "trip_id": 19907811,
    "trip_headsign": "",
    "direction_id": "",
    "block_id": "",
    "shape_id": 22023
  },
  {
    "route_id": 22023,
    "service_id": 19907832,
    "trip_id": 19907832,
    "trip_headsign": "",
    "direction_id": "",
    "block_id": "",
    "shape_id": 22023
  },
  {
    "route_id": 22023,
    "service_id": 19907814,
    "trip_id": 19907814,
    "trip_headsign": "",
    "direction_id": "",
    "block_id": "",
    "shape_id": 22023
  },
  {
    "route_id": 22023,
    "service_id": 19907808,
    "trip_id": 19907808,
    "trip_headsign": "",
    "direction_id": "",
    "block_id": "",
    "shape_id": 22023
  },
  {
    "route_id": 22023,
    "service_id": 19907809,
    "trip_id": 19907809,
    "trip_headsign": "",
    "direction_id": "",
    "block_id": "",
    "shape_id": 22023
  },
  {
    "route_id": 22023,
    "service_id": 19907824,
    "trip_id": 19907824,
    "trip_headsign": "",
    "direction_id": "",
    "block_id": "",
    "shape_id": 22023
  },
  {
    "route_id": 22023,
    "service_id": 19907806,
    "trip_id": 19907806,
    "trip_headsign": "",
    "direction_id": "",
    "block_id": "",
    "shape_id": 22023
  },
  {
    "route_id": 22023,
    "service_id": 19907833,
    "trip_id": 19907833,
    "trip_headsign": "",
    "direction_id": "",
    "block_id": "",
    "shape_id": 22023
  },
  {
    "route_id": 22023,
    "service_id": 19907834,
    "trip_id": 19907834,
    "trip_headsign": "",
    "direction_id": "",
    "block_id": "",
    "shape_id": 22023
  },
  {
    "route_id": 22023,
    "service_id": 19907836,
    "trip_id": 19907836,
    "trip_headsign": "",
    "direction_id": "",
    "block_id": "",
    "shape_id": 22023
  },
  {
    "route_id": 22023,
    "service_id": 19907835,
    "trip_id": 19907835,
    "trip_headsign": "",
    "direction_id": "",
    "block_id": "",
    "shape_id": 22023
  },
  {
    "route_id": 22023,
    "service_id": 19907839,
    "trip_id": 19907839,
    "trip_headsign": "",
    "direction_id": "",
    "block_id": "",
    "shape_id": 22023
  },
  {
    "route_id": 22023,
    "service_id": 19907840,
    "trip_id": 19907840,
    "trip_headsign": "",
    "direction_id": "",
    "block_id": "",
    "shape_id": 22023
  },
  {
    "route_id": 22023,
    "service_id": 19907838,
    "trip_id": 19907838,
    "trip_headsign": "",
    "direction_id": "",
    "block_id": "",
    "shape_id": 22023
  },
  {
    "route_id": 22023,
    "service_id": 19907837,
    "trip_id": 19907837,
    "trip_headsign": "",
    "direction_id": "",
    "block_id": "",
    "shape_id": 22023
  },
  {
    "route_id": 22023,
    "service_id": 19907805,
    "trip_id": 19907805,
    "trip_headsign": "",
    "direction_id": "",
    "block_id": "",
    "shape_id": 22023
  },
  {
    "route_id": 22023,
    "service_id": 19907841,
    "trip_id": 19907841,
    "trip_headsign": "",
    "direction_id": "",
    "block_id": "",
    "shape_id": 22023
  },
  {
    "route_id": 22023,
    "service_id": 19907818,
    "trip_id": 19907818,
    "trip_headsign": "",
    "direction_id": "",
    "block_id": "",
    "shape_id": 22023
  },
  {
    "route_id": 22023,
    "service_id": 19907821,
    "trip_id": 19907821,
    "trip_headsign": "",
    "direction_id": "",
    "block_id": "",
    "shape_id": 22023
  },
  {
    "route_id": 22023,
    "service_id": 19907827,
    "trip_id": 19907827,
    "trip_headsign": "",
    "direction_id": "",
    "block_id": "",
    "shape_id": 22023
  },
  {
    "route_id": 22023,
    "service_id": 19907828,
    "trip_id": 19907828,
    "trip_headsign": "",
    "direction_id": "",
    "block_id": "",
    "shape_id": 22023
  },
  {
    "route_id": 22023,
    "service_id": 19907829,
    "trip_id": 19907829,
    "trip_headsign": "",
    "direction_id": "",
    "block_id": "",
    "shape_id": 22023
  },
  {
    "route_id": 22023,
    "service_id": 19907830,
    "trip_id": 19907830,
    "trip_headsign": "",
    "direction_id": "",
    "block_id": "",
    "shape_id": 22023
  },
  {
    "route_id": 22023,
    "service_id": 19907803,
    "trip_id": 19907803,
    "trip_headsign": "",
    "direction_id": "",
    "block_id": "",
    "shape_id": 22023
  },
  {
    "route_id": 22023,
    "service_id": 19907804,
    "trip_id": 19907804,
    "trip_headsign": "",
    "direction_id": "",
    "block_id": "",
    "shape_id": 22023
  },
  {
    "route_id": 22023,
    "service_id": 19907812,
    "trip_id": 19907812,
    "trip_headsign": "",
    "direction_id": "",
    "block_id": "",
    "shape_id": 22023
  },
  {
    "route_id": 22023,
    "service_id": 19907815,
    "trip_id": 19907815,
    "trip_headsign": "",
    "direction_id": "",
    "block_id": "",
    "shape_id": 22023
  },
  {
    "route_id": 22038,
    "service_id": 19908023,
    "trip_id": 19908023,
    "trip_headsign": "",
    "direction_id": "",
    "block_id": "",
    "shape_id": 22038
  },
  {
    "route_id": 22038,
    "service_id": 19908022,
    "trip_id": 19908022,
    "trip_headsign": "",
    "direction_id": "",
    "block_id": "",
    "shape_id": 22038
  },
  {
    "route_id": 22039,
    "service_id": 19908025,
    "trip_id": 19908025,
    "trip_headsign": "",
    "direction_id": "",
    "block_id": "",
    "shape_id": 22039
  },
  {
    "route_id": 22039,
    "service_id": 19908024,
    "trip_id": 19908024,
    "trip_headsign": "",
    "direction_id": "",
    "block_id": "",
    "shape_id": 22039
  }
]