[
  {
    "route_id": 865,
    "service_id": 15208672,
    "trip_id": 15208672,
    "trip_headsign": "",
    "direction_id": "",
    "block_id": "",
    "shape_id": 865
  },
  {
    "route_id": 865,
    "service_id": 15208673,
    "trip_id": 15208673,
    "trip_headsign": "",
    "direction_id": "",
    "block_id": "",
    "shape_id": 865
  },
  {
    "route_id": 865,
    "service_id": 15208675,
    "trip_id": 15208675,
    "trip_headsign": "",
    "direction_id": "",
    "block_id": "",
    "shape_id": 865
  },
  {
    "route_id": 865,
    "service_id": 15208676,
    "trip_id": 15208676,
    "trip_headsign": "",
    "direction_id": "",
    "block_id": "",
    "shape_id": 865
  },
  {
    "route_id": 865,
    "service_id": 15208678,
    "trip_id": 15208678,
    "trip_headsign": "",
    "direction_id": "",
    "block_id": "",
    "shape_id": 865
  },
  {
    "route_id": 865,
    "service_id": 15208679,
    "trip_id": 15208679,
    "trip_headsign": "",
    "direction_id": "",
    "block_id": "",
    "shape_id": 865
  },
  {
    "route_id": 865,
    "service_id": 15208681,
    "trip_id": 15208681,
    "trip_headsign": "",
    "direction_id": "",
    "block_id": "",
    "shape_id": 865
  },
  {
    "route_id": 865,
    "service_id": 15208682,
    "trip_id": 15208682,
    "trip_headsign": "",
    "direction_id": "",
    "block_id": "",
    "shape_id": 865
  },
  {
    "route_id": 865,
    "service_id": 15208684,
    "trip_id": 15208684,
    "trip_headsign": "",
    "direction_id": "",
    "block_id": "",
    "shape_id": 865
  },
  {
    "route_id": 865,
    "service_id": 15208685,
    "trip_id": 15208685,
    "trip_headsign": "",
    "direction_id": "",
    "block_id": "",
    "shape_id": 865
  },
  {
    "route_id": 865,
    "service_id": 15208687,
    "trip_id": 15208687,
    "trip_headsign": "",
    "direction_id": "",
    "block_id": "",
    "shape_id": 865
  },
  {
    "route_id": 865,
    "service_id": 15208688,
    "trip_id": 15208688,
    "trip_headsign": "",
    "direction_id": "",
    "block_id": "",
    "shape_id": 865
  },
  {
    "route_id": 865,
    "service_id": 15208691,
    "trip_id": 15208691,
    "trip_headsign": "",
    "direction_id": "",
    "block_id": "",
    "shape_id": 865
  },
  {
    "route_id": 865,
    "service_id": 15208692,
    "trip_id": 15208692,
    "trip_headsign": "",
    "direction_id": "",
    "block_id": "",
    "shape_id": 865
  },
  {
    "route_id": 865,
    "service_id": 15208694,
    "trip_id": 15208694,
    "trip_headsign": "",
    "direction_id": "",
    "block_id": "",
    "shape_id": 865
  },
  {
    "route_id": 865,
    "service_id": 15208695,
    "trip_id": 15208695,
    "trip_headsign": "",
    "direction_id": "",
    "block_id": "",
    "shape_id": 865
  },
  {
    "route_id": 865,
    "service_id": 15208696,
    "trip_id": 15208696,
    "trip_headsign": "",
    "direction_id": "",
    "block_id": "",
    "shape_id": 865
  },
  {
    "route_id": 865,
    "service_id": 15208698,
    "trip_id": 15208698,
    "trip_headsign": "",
    "direction_id": "",
    "block_id": "",
    "shape_id": 865
  },
  {
    "route_id": 865,
    "service_id": 15208699,
    "trip_id": 15208699,
    "trip_headsign": "",
    "direction_id": "",
    "block_id": "",
    "shape_id": 865
  },
  {
    "route_id": 865,
    "service_id": 15208701,
    "trip_id": 15208701,
    "trip_headsign": "",
    "direction_id": "",
    "block_id": "",
    "shape_id": 865
  },
  {
    "route_id": 865,
    "service_id": 15208702,
    "trip_id": 15208702,
    "trip_headsign": "",
    "direction_id": "",
    "block_id": "",
    "shape_id": 865
  },
  {
    "route_id": 865,
    "service_id": 15208704,
    "trip_id": 15208704,
    "trip_headsign": "",
    "direction_id": "",
    "block_id": "",
    "shape_id": 865
  },
  {
    "route_id": 865,
    "service_id": 15208705,
    "trip_id": 15208705,
    "trip_headsign": "",
    "direction_id": "",
    "block_id": "",
    "shape_id": 865
  },
  {
    "route_id": 865,
    "service_id": 15208707,
    "trip_id": 15208707,
    "trip_headsign": "",
    "direction_id": "",
    "block_id": "",
    "shape_id": 865
  },
  {
    "route_id": 865,
    "service_id": 15208708,
    "trip_id": 15208708,
    "trip_headsign": "",
    "direction_id": "",
    "block_id": "",
    "shape_id": 865
  },
  {
    "route_id": 865,
    "service_id": 15208710,
    "trip_id": 15208710,
    "trip_headsign": "",
    "direction_id": "",
    "block_id": "",
    "shape_id": 865
  },
  {
    "route_id": 865,
    "service_id": 15208711,
    "trip_id": 15208711,
    "trip_headsign": "",
    "direction_id": "",
    "block_id": "",
    "shape_id": 865
  },
  {
    "route_id": 865,
    "service_id": 15208713,
    "trip_id": 15208713,
    "trip_headsign": "",
    "direction_id": "",
    "block_id": "",
    "shape_id": 865
  },
  {
    "route_id": 865,
    "service_id": 15208714,
    "trip_id": 15208714,
    "trip_headsign": "",
    "direction_id": "",
    "block_id": "",
    "shape_id": 865
  },
  {
    "route_id": 865,
    "service_id": 15208716,
    "trip_id": 15208716,
    "trip_headsign": "",
    "direction_id": "",
    "block_id": "",
    "shape_id": 865
  },
  {
    "route_id": 865,
    "service_id": 15208717,
    "trip_id": 15208717,
    "trip_headsign": "",
    "direction_id": "",
    "block_id": "",
    "shape_id": 865
  },
  {
    "route_id": 865,
    "service_id": 15208718,
    "trip_id": 15208718,
    "trip_headsign": "",
    "direction_id": "",
    "block_id": "",
    "shape_id": 865
  },
  {
    "route_id": 865,
    "service_id": 15208719,
    "trip_id": 15208719,
    "trip_headsign": "",
    "direction_id": "",
    "block_id": "",
    "shape_id": 865
  },
  {
    "route_id": 865,
    "service_id": 15208721,
    "trip_id": 15208721,
    "trip_headsign": "",
    "direction_id": "",
    "block_id": "",
    "shape_id": 865
  },
  {
    "route_id": 865,
    "service_id": 15208722,
    "trip_id": 15208722,
    "trip_headsign": "",
    "direction_id": "",
    "block_id": "",
    "shape_id": 865
  },
  {
    "route_id": 865,
    "service_id": 15208723,
    "trip_id": 15208723,
    "trip_headsign": "",
    "direction_id": "",
    "block_id": "",
    "shape_id": 865
  },
  {
    "route_id": 865,
    "service_id": 15208724,
    "trip_id": 15208724,
    "trip_headsign": "",
    "direction_id": "",
    "block_id": "",
    "shape_id": 865
  },
  {
    "route_id": 865,
    "service_id": 15208725,
    "trip_id": 15208725,
    "trip_headsign": "",
    "direction_id": "",
    "block_id": "",
    "shape_id": 865
  },
  {
    "route_id": 865,
    "service_id": 15208727,
    "trip_id": 15208727,
    "trip_headsign": "",
    "direction_id": "",
    "block_id": "",
    "shape_id": 865
  },
  {
    "route_id": 865,
    "service_id": 15208728,
    "trip_id": 15208728,
    "trip_headsign": "",
    "direction_id": "",
    "block_id": "",
    "shape_id": 865
  },
  {
    "route_id": 865,
    "service_id": 15208729,
    "trip_id": 15208729,
    "trip_headsign": "",
    "direction_id": "",
    "block_id": "",
    "shape_id": 865
  },
  {
    "route_id": 865,
    "service_id": 15208730,
    "trip_id": 15208730,
    "trip_headsign": "",
    "direction_id": "",
    "block_id": "",
    "shape_id": 865
  },
  {
    "route_id": 865,
    "service_id": 15208731,
    "trip_id": 15208731,
    "trip_headsign": "",
    "direction_id": "",
    "block_id": "",
    "shape_id": 865
  },
  {
    "route_id": 865,
    "service_id": 15208733,
    "trip_id": 15208733,
    "trip_headsign": "",
    "direction_id": "",
    "block_id": "",
    "shape_id": 865
  },
  {
    "route_id": 865,
    "service_id": 15208734,
    "trip_id": 15208734,
    "trip_headsign": "",
    "direction_id": "",
    "block_id": "",
    "shape_id": 865
  },
  {
    "route_id": 865,
    "service_id": 15208736,
    "trip_id": 15208736,
    "trip_headsign": "",
    "direction_id": "",
    "block_id": "",
    "shape_id": 865
  },
  {
    "route_id": 865,
    "service_id": 15208737,
    "trip_id": 15208737,
    "trip_headsign": "",
    "direction_id": "",
    "block_id": "",
    "shape_id": 865
  },
  {
    "route_id": 865,
    "service_id": 15208739,
    "trip_id": 15208739,
    "trip_headsign": "",
    "direction_id": "",
    "block_id": "",
    "shape_id": 865
  },
  {
    "route_id": 865,
    "service_id": 15208740,
    "trip_id": 15208740,
    "trip_headsign": "",
    "direction_id": "",
    "block_id": "",
    "shape_id": 865
  },
  {
    "route_id": 865,
    "service_id": 15208742,
    "trip_id": 15208742,
    "trip_headsign": "",
    "direction_id": "",
    "block_id": "",
    "shape_id": 865
  },
  {
    "route_id": 865,
    "service_id": 15208746,
    "trip_id": 15208746,
    "trip_headsign": "",
    "direction_id": "",
    "block_id": "",
    "shape_id": 865
  },
  {
    "route_id": 865,
    "service_id": 15208748,
    "trip_id": 15208748,
    "trip_headsign": "",
    "direction_id": "",
    "block_id": "",
    "shape_id": 865
  },
  {
    "route_id": 865,
    "service_id": 15208750,
    "trip_id": 15208750,
    "trip_headsign": "",
    "direction_id": "",
    "block_id": "",
    "shape_id": 865
  },
  {
    "route_id": 865,
    "service_id": 15208752,
    "trip_id": 15208752,
    "trip_headsign": "",
    "direction_id": "",
    "block_id": "",
    "shape_id": 865
  },
  {
    "route_id": 865,
    "service_id": 15208754,
    "trip_id": 15208754,
    "trip_headsign": "",
    "direction_id": "",
    "block_id": "",
    "shape_id": 865
  },
  {
    "route_id": 865,
    "service_id": 15208756,
    "trip_id": 15208756,
    "trip_headsign": "",
    "direction_id": "",
    "block_id": "",
    "shape_id": 865
  },
  {
    "route_id": 865,
    "service_id": 15208758,
    "trip_id": 15208758,
    "trip_headsign": "",
    "direction_id": "",
    "block_id": "",
    "shape_id": 865
  },
  {
    "route_id": 865,
    "service_id": 15208760,
    "trip_id": 15208760,
    "trip_headsign": "",
    "direction_id": "",
    "block_id": "",
    "shape_id": 865
  },
  {
    "route_id": 865,
    "service_id": 15208762,
    "trip_id": 15208762,
    "trip_headsign": "",
    "direction_id": "",
    "block_id": "",
    "shape_id": 865
  },
  {
    "route_id": 865,
    "service_id": 15208764,
    "trip_id": 15208764,
    "trip_headsign": "",
    "direction_id": "",
    "block_id": "",
    "shape_id": 865
  },
  {
    "route_id": 865,
    "service_id": 15208766,
    "trip_id": 15208766,
    "trip_headsign": "",
    "direction_id": "",
    "block_id": "",
    "shape_id": 865
  },
  {
    "route_id": 865,
    "service_id": 15208768,
    "trip_id": 15208768,
    "trip_headsign": "",
    "direction_id": "",
    "block_id": "",
    "shape_id": 865
  },
  {
    "route_id": 865,
    "service_id": 15208770,
    "trip_id": 15208770,
    "trip_headsign": "",
    "direction_id": "",
    "block_id": "",
    "shape_id": 865
  },
  {
    "route_id": 865,
    "service_id": 15208772,
    "trip_id": 15208772,
    "trip_headsign": "",
    "direction_id": "",
    "block_id": "",
    "shape_id": 865
  },
  {
    "route_id": 865,
    "service_id": 15208774,
    "trip_id": 15208774,
    "trip_headsign": "",
    "direction_id": "",
    "block_id": "",
    "shape_id": 865
  },
  {
    "route_id": 865,
    "service_id": 15208776,
    "trip_id": 15208776,
    "trip_headsign": "",
    "direction_id": "",
    "block_id": "",
    "shape_id": 865
  },
  {
    "route_id": 865,
    "service_id": 15208778,
    "trip_id": 15208778,
    "trip_headsign": "",
    "direction_id": "",
    "block_id": "",
    "shape_id": 865
  },
  {
    "route_id": 865,
    "service_id": 15208780,
    "trip_id": 15208780,
    "trip_headsign": "",
    "direction_id": "",
    "block_id": "",
    "shape_id": 865
  },
  {
    "route_id": 865,
    "service_id": 15208782,
    "trip_id": 15208782,
    "trip_headsign": "",
    "direction_id": "",
    "block_id": "",
    "shape_id": 865
  },
  {
    "route_id": 865,
    "service_id": 15208635,
    "trip_id": 15208635,
    "trip_headsign": "",
    "direction_id": "",
    "block_id": "",
    "shape_id": 865
  },
  {
    "route_id": 865,
    "service_id": 15208637,
    "trip_id": 15208637,
    "trip_headsign": "",
    "direction_id": "",
    "block_id": "",
    "shape_id": 865
  },
  {
    "route_id": 865,
    "service_id": 15208639,
    "trip_id": 15208639,
    "trip_headsign": "",
    "direction_id": "",
    "block_id": "",
    "shape_id": 865
  },
  {
    "route_id": 865,
    "service_id": 15208641,
    "trip_id": 15208641,
    "trip_headsign": "",
    "direction_id": "",
    "block_id": "",
    "shape_id": 865
  },
  {
    "route_id": 865,
    "service_id": 15208643,
    "trip_id": 15208643,
    "trip_headsign": "",
    "direction_id": "",
    "block_id": "",
    "shape_id": 865
  },
  {
    "route_id": 865,
    "service_id": 15208645,
    "trip_id": 15208645,
    "trip_headsign": "",
    "direction_id": "",
    "block_id": "",
    "shape_id": 865
  },
  {
    "route_id": 865,
    "service_id": 15208647,
    "trip_id": 15208647,
    "trip_headsign": "",
    "direction_id": "",
    "block_id": "",
    "shape_id": 865
  },
  {
    "route_id": 865,
    "service_id": 15208649,
    "trip_id": 15208649,
    "trip_headsign": "",
    "direction_id": "",
    "block_id": "",
    "shape_id": 865
  },
  {
    "route_id": 865,
    "service_id": 15208651,
    "trip_id": 15208651,
    "trip_headsign": "",
    "direction_id": "",
    "block_id": "",
    "shape_id": 865
  },
  {
    "route_id": 865,
    "service_id": 15208653,
    "trip_id": 15208653,
    "trip_headsign": "",
    "direction_id": "",
    "block_id": "",
    "shape_id": 865
  },
  {
    "route_id": 865,
    "service_id": 15208655,
    "trip_id": 15208655,
    "trip_headsign": "",
    "direction_id": "",
    "block_id": "",
    "shape_id": 865
  },
  {
    "route_id": 865,
    "service_id": 15208657,
    "trip_id": 15208657,
    "trip_headsign": "",
    "direction_id": "",
    "block_id": "",
    "shape_id": 865
  },
  {
    "route_id": 865,
    "service_id": 15208659,
    "trip_id": 15208659,
    "trip_headsign": "",
    "direction_id": "",
    "block_id": "",
    "shape_id": 865
  },
  {
    "route_id": 865,
    "service_id": 15208661,
    "trip_id": 15208661,
    "trip_headsign": "",
    "direction_id": "",
    "block_id": "",
    "shape_id": 865
  },
  {
    "route_id": 865,
    "service_id": 15208663,
    "trip_id": 15208663,
    "trip_headsign": "",
    "direction_id": "",
    "block_id": "",
    "shape_id": 865
  },
  {
    "route_id": 865,
    "service_id": 15208665,
    "trip_id": 15208665,
    "trip_headsign": "",
    "direction_id": "",
    "block_id": "",
    "shape_id": 865
  },
  {
    "route_id": 865,
    "service_id": 15208667,
    "trip_id": 15208667,
    "trip_headsign": "",
    "direction_id": "",
    "block_id": "",
    "shape_id": 865
  },
  {
    "route_id": 865,
    "service_id": 15208669,
    "trip_id": 15208669,
    "trip_headsign": "",
    "direction_id": "",
    "block_id": "",
    "shape_id": 865
  },
  {
    "route_id": 865,
    "service_id": 15208671,
    "trip_id": 15208671,
    "trip_headsign": "",
    "direction_id": "",
    "block_id": "",
    "shape_id": 865
  },
  {
    "route_id": 865,
    "service_id": 15208689,
    "trip_id": 15208689,
    "trip_headsign": "",
    "direction_id": "",
    "block_id": "",
    "shape_id": 865
  },
  {
    "route_id": 866,
    "service_id": 15208525,
    "trip_id": 15208525,
    "trip_headsign": "",
    "direction_id": "",
    "block_id": "",
    "shape_id": 866
  },
  {
    "route_id": 866,
    "service_id": 15208527,
    "trip_id": 15208527,
    "trip_headsign": "",
    "direction_id": "",
    "block_id": "",
    "shape_id": 866
  },
  {
    "route_id": 866,
    "service_id": 15208528,
    "trip_id": 15208528,
    "trip_headsign": "",
    "direction_id": "",
    "block_id": "",
    "shape_id": 866
  },
  {
    "route_id": 866,
    "service_id": 15208529,
    "trip_id": 15208529,
    "trip_headsign": "",
    "direction_id": "",
    "block_id": "",
    "shape_id": 866
  },
  {
    "route_id": 866,
    "service_id": 15208530,
    "trip_id": 15208530,
    "trip_headsign": "",
    "direction_id": "",
    "block_id": "",
    "shape_id": 866
  },
  {
    "route_id": 866,
    "service_id": 15208532,
    "trip_id": 15208532,
    "trip_headsign": "",
    "direction_id": "",
    "block_id": "",
    "shape_id": 866
  },
  {
    "route_id": 866,
    "service_id": 15208533,
    "trip_id": 15208533,
    "trip_headsign": "",
    "direction_id": "",
    "block_id": "",
    "shape_id": 866
  },
  {
    "route_id": 866,
    "service_id": 15208535,
    "trip_id": 15208535,
    "trip_headsign": "",
    "direction_id": "",
    "block_id": "",
    "shape_id": 866
  },
  {
    "route_id": 866,
    "service_id": 15208536,
    "trip_id": 15208536,
    "trip_headsign": "",
    "direction_id": "",
    "block_id": "",
    "shape_id": 866
  },
  {
    "route_id": 866,
    "service_id": 15208538,
    "trip_id": 15208538,
    "trip_headsign": "",
    "direction_id": "",
    "block_id": "",
    "shape_id": 866
  },
  {
    "route_id": 866,
    "service_id": 15208539,
    "trip_id": 15208539,
    "trip_headsign": "",
    "direction_id": "",
    "block_id": "",
    "shape_id": 866
  },
  {
    "route_id": 866,
    "service_id": 15208540,
    "trip_id": 15208540,
    "trip_headsign": "",
    "direction_id": "",
    "block_id": "",
    "shape_id": 866
  },
  {
    "route_id": 866,
    "service_id": 15208541,
    "trip_id": 15208541,
    "trip_headsign": "",
    "direction_id": "",
    "block_id": "",
    "shape_id": 866
  },
  {
    "route_id": 866,
    "service_id": 15208542,
    "trip_id": 15208542,
    "trip_headsign": "",
    "direction_id": "",
    "block_id": "",
    "shape_id": 866
  },
  {
    "route_id": 866,
    "service_id": 15208544,
    "trip_id": 15208544,
    "trip_headsign": "",
    "direction_id": "",
    "block_id": "",
    "shape_id": 866
  },
  {
    "route_id": 866,
    "service_id": 15208545,
    "trip_id": 15208545,
    "trip_headsign": "",
    "direction_id": "",
    "block_id": "",
    "shape_id": 866
  },
  {
    "route_id": 866,
    "service_id": 15208547,
    "trip_id": 15208547,
    "trip_headsign": "",
    "direction_id": "",
    "block_id": "",
    "shape_id": 866
  },
  {
    "route_id": 866,
    "service_id": 15208548,
    "trip_id": 15208548,
    "trip_headsign": "",
    "direction_id": "",
    "block_id": "",
    "shape_id": 866
  },
  {
    "route_id": 866,
    "service_id": 15208550,
    "trip_id": 15208550,
    "trip_headsign": "",
    "direction_id": "",
    "block_id": "",
    "shape_id": 866
  },
  {
    "route_id": 866,
    "service_id": 15208551,
    "trip_id": 15208551,
    "trip_headsign": "",
    "direction_id": "",
    "block_id": "",
    "shape_id": 866
  },
  {
    "route_id": 866,
    "service_id": 15208553,
    "trip_id": 15208553,
    "trip_headsign": "",
    "direction_id": "",
    "block_id": "",
    "shape_id": 866
  },
  {
    "route_id": 866,
    "service_id": 15208554,
    "trip_id": 15208554,
    "trip_headsign": "",
    "direction_id": "",
    "block_id": "",
    "shape_id": 866
  },
  {
    "route_id": 866,
    "service_id": 15208556,
    "trip_id": 15208556,
    "trip_headsign": "",
    "direction_id": "",
    "block_id": "",
    "shape_id": 866
  },
  {
    "route_id": 866,
    "service_id": 15208557,
    "trip_id": 15208557,
    "trip_headsign": "",
    "direction_id": "",
    "block_id": "",
    "shape_id": 866
  },
  {
    "route_id": 866,
    "service_id": 15208559,
    "trip_id": 15208559,
    "trip_headsign": "",
    "direction_id": "",
    "block_id": "",
    "shape_id": 866
  },
  {
    "route_id": 866,
    "service_id": 15208560,
    "trip_id": 15208560,
    "trip_headsign": "",
    "direction_id": "",
    "block_id": "",
    "shape_id": 866
  },
  {
    "route_id": 866,
    "service_id": 15208562,
    "trip_id": 15208562,
    "trip_headsign": "",
    "direction_id": "",
    "block_id": "",
    "shape_id": 866
  },
  {
    "route_id": 866,
    "service_id": 15208563,
    "trip_id": 15208563,
    "trip_headsign": "",
    "direction_id": "",
    "block_id": "",
    "shape_id": 866
  },
  {
    "route_id": 866,
    "service_id": 15208565,
    "trip_id": 15208565,
    "trip_headsign": "",
    "direction_id": "",
    "block_id": "",
    "shape_id": 866
  },
  {
    "route_id": 866,
    "service_id": 15208566,
    "trip_id": 15208566,
    "trip_headsign": "",
    "direction_id": "",
    "block_id": "",
    "shape_id": 866
  },
  {
    "route_id": 866,
    "service_id": 15208567,
    "trip_id": 15208567,
    "trip_headsign": "",
    "direction_id": "",
    "block_id": "",
    "shape_id": 866
  },
  {
    "route_id": 866,
    "service_id": 15208568,
    "trip_id": 15208568,
    "trip_headsign": "",
    "direction_id": "",
    "block_id": "",
    "shape_id": 866
  },
  {
    "route_id": 866,
    "service_id": 15208569,
    "trip_id": 15208569,
    "trip_headsign": "",
    "direction_id": "",
    "block_id": "",
    "shape_id": 866
  },
  {
    "route_id": 866,
    "service_id": 15208571,
    "trip_id": 15208571,
    "trip_headsign": "",
    "direction_id": "",
    "block_id": "",
    "shape_id": 866
  },
  {
    "route_id": 866,
    "service_id": 15208572,
    "trip_id": 15208572,
    "trip_headsign": "",
    "direction_id": "",
    "block_id": "",
    "shape_id": 866
  },
  {
    "route_id": 866,
    "service_id": 15208574,
    "trip_id": 15208574,
    "trip_headsign": "",
    "direction_id": "",
    "block_id": "",
    "shape_id": 866
  },
  {
    "route_id": 866,
    "service_id": 15208575,
    "trip_id": 15208575,
    "trip_headsign": "",
    "direction_id": "",
    "block_id": "",
    "shape_id": 866
  },
  {
    "route_id": 866,
    "service_id": 15208577,
    "trip_id": 15208577,
    "trip_headsign": "",
    "direction_id": "",
    "block_id": "",
    "shape_id": 866
  },
  {
    "route_id": 866,
    "service_id": 15208578,
    "trip_id": 15208578,
    "trip_headsign": "",
    "direction_id": "",
    "block_id": "",
    "shape_id": 866
  },
  {
    "route_id": 866,
    "service_id": 15208580,
    "trip_id": 15208580,
    "trip_headsign": "",
    "direction_id": "",
    "block_id": "",
    "shape_id": 866
  },
  {
    "route_id": 866,
    "service_id": 15208581,
    "trip_id": 15208581,
    "trip_headsign": "",
    "direction_id": "",
    "block_id": "",
    "shape_id": 866
  },
  {
    "route_id": 866,
    "service_id": 15208583,
    "trip_id": 15208583,
    "trip_headsign": "",
    "direction_id": "",
    "block_id": "",
    "shape_id": 866
  },
  {
    "route_id": 866,
    "service_id": 15208584,
    "trip_id": 15208584,
    "trip_headsign": "",
    "direction_id": "",
    "block_id": "",
    "shape_id": 866
  },
  {
    "route_id": 866,
    "service_id": 15208586,
    "trip_id": 15208586,
    "trip_headsign": "",
    "direction_id": "",
    "block_id": "",
    "shape_id": 866
  },
  {
    "route_id": 866,
    "service_id": 15208587,
    "trip_id": 15208587,
    "trip_headsign": "",
    "direction_id": "",
    "block_id": "",
    "shape_id": 866
  },
  {
    "route_id": 866,
    "service_id": 15208589,
    "trip_id": 15208589,
    "trip_headsign": "",
    "direction_id": "",
    "block_id": "",
    "shape_id": 866
  },
  {
    "route_id": 866,
    "service_id": 15208590,
    "trip_id": 15208590,
    "trip_headsign": "",
    "direction_id": "",
    "block_id": "",
    "shape_id": 866
  },
  {
    "route_id": 866,
    "service_id": 15208592,
    "trip_id": 15208592,
    "trip_headsign": "",
    "direction_id": "",
    "block_id": "",
    "shape_id": 866
  },
  {
    "route_id": 866,
    "service_id": 15208594,
    "trip_id": 15208594,
    "trip_headsign": "",
    "direction_id": "",
    "block_id": "",
    "shape_id": 866
  },
  {
    "route_id": 866,
    "service_id": 15208597,
    "trip_id": 15208597,
    "trip_headsign": "",
    "direction_id": "",
    "block_id": "",
    "shape_id": 866
  },
  {
    "route_id": 866,
    "service_id": 15208625,
    "trip_id": 15208625,
    "trip_headsign": "",
    "direction_id": "",
    "block_id": "",
    "shape_id": 866
  },
  {
    "route_id": 866,
    "service_id": 15208627,
    "trip_id": 15208627,
    "trip_headsign": "",
    "direction_id": "",
    "block_id": "",
    "shape_id": 866
  },
  {
    "route_id": 866,
    "service_id": 15208629,
    "trip_id": 15208629,
    "trip_headsign": "",
    "direction_id": "",
    "block_id": "",
    "shape_id": 866
  },
  {
    "route_id": 866,
    "service_id": 15208631,
    "trip_id": 15208631,
    "trip_headsign": "",
    "direction_id": "",
    "block_id": "",
    "shape_id": 866
  },
  {
    "route_id": 866,
    "service_id": 15208633,
    "trip_id": 15208633,
    "trip_headsign": "",
    "direction_id": "",
    "block_id": "",
    "shape_id": 866
  },
  {
    "route_id": 866,
    "service_id": 15208634,
    "trip_id": 15208634,
    "trip_headsign": "",
    "direction_id": "",
    "block_id": "",
    "shape_id": 866
  },
  {
    "route_id": 866,
    "service_id": 15208599,
    "trip_id": 15208599,
    "trip_headsign": "",
    "direction_id": "",
    "block_id": "",
    "shape_id": 866
  },
  {
    "route_id": 866,
    "service_id": 15208601,
    "trip_id": 15208601,
    "trip_headsign": "",
    "direction_id": "",
    "block_id": "",
    "shape_id": 866
  },
  {
    "route_id": 866,
    "service_id": 15208603,
    "trip_id": 15208603,
    "trip_headsign": "",
    "direction_id": "",
    "block_id": "",
    "shape_id": 866
  },
  {
    "route_id": 866,
    "service_id": 15208605,
    "trip_id": 15208605,
    "trip_headsign": "",
    "direction_id": "",
    "block_id": "",
    "shape_id": 866
  },
  {
    "route_id": 866,
    "service_id": 15208607,
    "trip_id": 15208607,
    "trip_headsign": "",
    "direction_id": "",
    "block_id": "",
    "shape_id": 866
  },
  {
    "route_id": 866,
    "service_id": 15208609,
    "trip_id": 15208609,
    "trip_headsign": "",
    "direction_id": "",
    "block_id": "",
    "shape_id": 866
  },
  {
    "route_id": 866,
    "service_id": 15208611,
    "trip_id": 15208611,
    "trip_headsign": "",
    "direction_id": "",
    "block_id": "",
    "shape_id": 866
  },
  {
    "route_id": 866,
    "service_id": 15208613,
    "trip_id": 15208613,
    "trip_headsign": "",
    "direction_id": "",
    "block_id": "",
    "shape_id": 866
  },
  {
    "route_id": 866,
    "service_id": 15208615,
    "trip_id": 15208615,
    "trip_headsign": "",
    "direction_id": "",
    "block_id": "",
    "shape_id": 866
  },
  {
    "route_id": 866,
    "service_id": 15208617,
    "trip_id": 15208617,
    "trip_headsign": "",
    "direction_id": "",
    "block_id": "",
    "shape_id": 866
  },
  {
    "route_id": 866,
    "service_id": 15208619,
    "trip_id": 15208619,
    "trip_headsign": "",
    "direction_id": "",
    "block_id": "",
    "shape_id": 866
  },
  {
    "route_id": 866,
    "service_id": 15208621,
    "trip_id": 15208621,
    "trip_headsign": "",
    "direction_id": "",
    "block_id": "",
    "shape_id": 866
  },
  {
    "route_id": 866,
    "service_id": 15208623,
    "trip_id": 15208623,
    "trip_headsign": "",
    "direction_id": "",
    "block_id": "",
    "shape_id": 866
  },
  {
    "route_id": 866,
    "service_id": 15208488,
    "trip_id": 15208488,
    "trip_headsign": "",
    "direction_id": "",
    "block_id": "",
    "shape_id": 866
  },
  {
    "route_id": 866,
    "service_id": 15208490,
    "trip_id": 15208490,
    "trip_headsign": "",
    "direction_id": "",
    "block_id": "",
    "shape_id": 866
  },
  {
    "route_id": 866,
    "service_id": 15208492,
    "trip_id": 15208492,
    "trip_headsign": "",
    "direction_id": "",
    "block_id": "",
    "shape_id": 866
  },
  {
    "route_id": 866,
    "service_id": 15208494,
    "trip_id": 15208494,
    "trip_headsign": "",
    "direction_id": "",
    "block_id": "",
    "shape_id": 866
  },
  {
    "route_id": 866,
    "service_id": 15208496,
    "trip_id": 15208496,
    "trip_headsign": "",
    "direction_id": "",
    "block_id": "",
    "shape_id": 866
  },
  {
    "route_id": 866,
    "service_id": 15208498,
    "trip_id": 15208498,
    "trip_headsign": "",
    "direction_id": "",
    "block_id": "",
    "shape_id": 866
  },
  {
    "route_id": 866,
    "service_id": 15208500,
    "trip_id": 15208500,
    "trip_headsign": "",
    "direction_id": "",
    "block_id": "",
    "shape_id": 866
  },
  {
    "route_id": 866,
    "service_id": 15208502,
    "trip_id": 15208502,
    "trip_headsign": "",
    "direction_id": "",
    "block_id": "",
    "shape_id": 866
  },
  {
    "route_id": 866,
    "service_id": 15208504,
    "trip_id": 15208504,
    "trip_headsign": "",
    "direction_id": "",
    "block_id": "",
    "shape_id": 866
  },
  {
    "route_id": 866,
    "service_id": 15208506,
    "trip_id": 15208506,
    "trip_headsign": "",
    "direction_id": "",
    "block_id": "",
    "shape_id": 866
  },
  {
    "route_id": 866,
    "service_id": 15208508,
    "trip_id": 15208508,
    "trip_headsign": "",
    "direction_id": "",
    "block_id": "",
    "shape_id": 866
  },
  {
    "route_id": 866,
    "service_id": 15208510,
    "trip_id": 15208510,
    "trip_headsign": "",
    "direction_id": "",
    "block_id": "",
    "shape_id": 866
  },
  {
    "route_id": 866,
    "service_id": 15208512,
    "trip_id": 15208512,
    "trip_headsign": "",
    "direction_id": "",
    "block_id": "",
    "shape_id": 866
  },
  {
    "route_id": 866,
    "service_id": 15208514,
    "trip_id": 15208514,
    "trip_headsign": "",
    "direction_id": "",
    "block_id": "",
    "shape_id": 866
  },
  {
    "route_id": 866,
    "service_id": 15208516,
    "trip_id": 15208516,
    "trip_headsign": "",
    "direction_id": "",
    "block_id": "",
    "shape_id": 866
  },
  {
    "route_id": 866,
    "service_id": 15208518,
    "trip_id": 15208518,
    "trip_headsign": "",
    "direction_id": "",
    "block_id": "",
    "shape_id": 866
  },
  {
    "route_id": 866,
    "service_id": 15208520,
    "trip_id": 15208520,
    "trip_headsign": "",
    "direction_id": "",
    "block_id": "",
    "shape_id": 866
  },
  {
    "route_id": 866,
    "service_id": 15208522,
    "trip_id": 15208522,
    "trip_headsign": "",
    "direction_id": "",
    "block_id": "",
    "shape_id": 866
  },
  {
    "route_id": 866,
    "service_id": 15208523,
    "trip_id": 15208523,
    "trip_headsign": "",
    "direction_id": "",
    "block_id": "",
    "shape_id": 866
  },
  {
    "route_id": 866,
    "service_id": 15208534,
    "trip_id": 15208534,
    "trip_headsign": "",
    "direction_id": "",
    "block_id": "",
    "shape_id": 866
  },
  {
    "route_id": 1078,
    "service_id": 15208674,
    "trip_id": 15208674,
    "trip_headsign": "",
    "direction_id": "",
    "block_id": "",
    "shape_id": 1078
  },
  {
    "route_id": 1078,
    "service_id": 15208677,
    "trip_id": 15208677,
    "trip_headsign": "",
    "direction_id": "",
    "block_id": "",
    "shape_id": 1078
  },
  {
    "route_id": 1078,
    "service_id": 15208680,
    "trip_id": 15208680,
    "trip_headsign": "",
    "direction_id": "",
    "block_id": "",
    "shape_id": 1078
  },
  {
    "route_id": 1078,
    "service_id": 15208683,
    "trip_id": 15208683,
    "trip_headsign": "",
    "direction_id": "",
    "block_id": "",
    "shape_id": 1078
  },
  {
    "route_id": 1078,
    "service_id": 15208686,
    "trip_id": 15208686,
    "trip_headsign": "",
    "direction_id": "",
    "block_id": "",
    "shape_id": 1078
  },
  {
    "route_id": 1078,
    "service_id": 15208690,
    "trip_id": 15208690,
    "trip_headsign": "",
    "direction_id": "",
    "block_id": "",
    "shape_id": 1078
  },
  {
    "route_id": 1078,
    "service_id": 15208693,
    "trip_id": 15208693,
    "trip_headsign": "",
    "direction_id": "",
    "block_id": "",
    "shape_id": 1078
  },
  {
    "route_id": 1078,
    "service_id": 15208697,
    "trip_id": 15208697,
    "trip_headsign": "",
    "direction_id": "",
    "block_id": "",
    "shape_id": 1078
  },
  {
    "route_id": 1078,
    "service_id": 15208700,
    "trip_id": 15208700,
    "trip_headsign": "",
    "direction_id": "",
    "block_id": "",
    "shape_id": 1078
  },
  {
    "route_id": 1078,
    "service_id": 15208703,
    "trip_id": 15208703,
    "trip_headsign": "",
    "direction_id": "",
    "block_id": "",
    "shape_id": 1078
  },
  {
    "route_id": 1078,
    "service_id": 15208706,
    "trip_id": 15208706,
    "trip_headsign": "",
    "direction_id": "",
    "block_id": "",
    "shape_id": 1078
  },
  {
    "route_id": 1078,
    "service_id": 15208709,
    "trip_id": 15208709,
    "trip_headsign": "",
    "direction_id": "",
    "block_id": "",
    "shape_id": 1078
  },
  {
    "route_id": 1078,
    "service_id": 15208712,
    "trip_id": 15208712,
    "trip_headsign": "",
    "direction_id": "",
    "block_id": "",
    "shape_id": 1078
  },
  {
    "route_id": 1078,
    "service_id": 15208715,
    "trip_id": 15208715,
    "trip_headsign": "",
    "direction_id": "",
    "block_id": "",
    "shape_id": 1078
  },
  {
    "route_id": 1078,
    "service_id": 15208726,
    "trip_id": 15208726,
    "trip_headsign": "",
    "direction_id": "",
    "block_id": "",
    "shape_id": 1078
  },
  {
    "route_id": 1078,
    "service_id": 15208732,
    "trip_id": 15208732,
    "trip_headsign": "",
    "direction_id": "",
    "block_id": "",
    "shape_id": 1078
  },
  {
    "route_id": 1078,
    "service_id": 15208735,
    "trip_id": 15208735,
    "trip_headsign": "",
    "direction_id": "",
    "block_id": "",
    "shape_id": 1078
  },
  {
    "route_id": 1078,
    "service_id": 15208738,
    "trip_id": 15208738,
    "trip_headsign": "",
    "direction_id": "",
    "block_id": "",
    "shape_id": 1078
  },
  {
    "route_id": 1078,
    "service_id": 15208741,
    "trip_id": 15208741,
    "trip_headsign": "",
    "direction_id": "",
    "block_id": "",
    "shape_id": 1078
  },
  {
    "route_id": 1078,
    "service_id": 15208743,
    "trip_id": 15208743,
    "trip_headsign": "",
    "direction_id": "",
    "block_id": "",
    "shape_id": 1078
  },
  {
    "route_id": 1078,
    "service_id": 15208744,
    "trip_id": 15208744,
    "trip_headsign": "",
    "direction_id": "",
    "block_id": "",
    "shape_id": 1078
  },
  {
    "route_id": 1078,
    "service_id": 15208745,
    "trip_id": 15208745,
    "trip_headsign": "",
    "direction_id": "",
    "block_id": "",
    "shape_id": 1078
  },
  {
    "route_id": 1078,
    "service_id": 15208720,
    "trip_id": 15208720,
    "trip_headsign": "",
    "direction_id": "",
    "block_id": "",
    "shape_id": 1078
  },
  {
    "route_id": 1078,
    "service_id": 15208747,
    "trip_id": 15208747,
    "trip_headsign": "",
    "direction_id": "",
    "block_id": "",
    "shape_id": 1078
  },
  {
    "route_id": 1078,
    "service_id": 15208749,
    "trip_id": 15208749,
    "trip_headsign": "",
    "direction_id": "",
    "block_id": "",
    "shape_id": 1078
  },
  {
    "route_id": 1078,
    "service_id": 15208751,
    "trip_id": 15208751,
    "trip_headsign": "",
    "direction_id": "",
    "block_id": "",
    "shape_id": 1078
  },
  {
    "route_id": 1078,
    "service_id": 15208753,
    "trip_id": 15208753,
    "trip_headsign": "",
    "direction_id": "",
    "block_id": "",
    "shape_id": 1078
  },
  {
    "route_id": 1078,
    "service_id": 15208755,
    "trip_id": 15208755,
    "trip_headsign": "",
    "direction_id": "",
    "block_id": "",
    "shape_id": 1078
  },
  {
    "route_id": 1078,
    "service_id": 15208757,
    "trip_id": 15208757,
    "trip_headsign": "",
    "direction_id": "",
    "block_id": "",
    "shape_id": 1078
  },
  {
    "route_id": 1078,
    "service_id": 15208759,
    "trip_id": 15208759,
    "trip_headsign": "",
    "direction_id": "",
    "block_id": "",
    "shape_id": 1078
  },
  {
    "route_id": 1078,
    "service_id": 15208761,
    "trip_id": 15208761,
    "trip_headsign": "",
    "direction_id": "",
    "block_id": "",
    "shape_id": 1078
  },
  {
    "route_id": 1078,
    "service_id": 15208763,
    "trip_id": 15208763,
    "trip_headsign": "",
    "direction_id": "",
    "block_id": "",
    "shape_id": 1078
  },
  {
    "route_id": 1078,
    "service_id": 15208765,
    "trip_id": 15208765,
    "trip_headsign": "",
    "direction_id": "",
    "block_id": "",
    "shape_id": 1078
  },
  {
    "route_id": 1078,
    "service_id": 15208767,
    "trip_id": 15208767,
    "trip_headsign": "",
    "direction_id": "",
    "block_id": "",
    "shape_id": 1078
  },
  {
    "route_id": 1078,
    "service_id": 15208769,
    "trip_id": 15208769,
    "trip_headsign": "",
    "direction_id": "",
    "block_id": "",
    "shape_id": 1078
  },
  {
    "route_id": 1078,
    "service_id": 15208771,
    "trip_id": 15208771,
    "trip_headsign": "",
    "direction_id": "",
    "block_id": "",
    "shape_id": 1078
  },
  {
    "route_id": 1078,
    "service_id": 15208773,
    "trip_id": 15208773,
    "trip_headsign": "",
    "direction_id": "",
    "block_id": "",
    "shape_id": 1078
  },
  {
    "route_id": 1078,
    "service_id": 15208775,
    "trip_id": 15208775,
    "trip_headsign": "",
    "direction_id": "",
    "block_id": "",
    "shape_id": 1078
  },
  {
    "route_id": 1078,
    "service_id": 15208777,
    "trip_id": 15208777,
    "trip_headsign": "",
    "direction_id": "",
    "block_id": "",
    "shape_id": 1078
  },
  {
    "route_id": 1078,
    "service_id": 15208779,
    "trip_id": 15208779,
    "trip_headsign": "",
    "direction_id": "",
    "block_id": "",
    "shape_id": 1078
  },
  {
    "route_id": 1078,
    "service_id": 15208781,
    "trip_id": 15208781,
    "trip_headsign": "",
    "direction_id": "",
    "block_id": "",
    "shape_id": 1078
  },
  {
    "route_id": 1078,
    "service_id": 15208636,
    "trip_id": 15208636,
    "trip_headsign": "",
    "direction_id": "",
    "block_id": "",
    "shape_id": 1078
  },
  {
    "route_id": 1078,
    "service_id": 15208638,
    "trip_id": 15208638,
    "trip_headsign": "",
    "direction_id": "",
    "block_id": "",
    "shape_id": 1078
  },
  {
    "route_id": 1078,
    "service_id": 15208640,
    "trip_id": 15208640,
    "trip_headsign": "",
    "direction_id": "",
    "block_id": "",
    "shape_id": 1078
  },
  {
    "route_id": 1078,
    "service_id": 15208642,
    "trip_id": 15208642,
    "trip_headsign": "",
    "direction_id": "",
    "block_id": "",
    "shape_id": 1078
  },
  {
    "route_id": 1078,
    "service_id": 15208644,
    "trip_id": 15208644,
    "trip_headsign": "",
    "direction_id": "",
    "block_id": "",
    "shape_id": 1078
  },
  {
    "route_id": 1078,
    "service_id": 15208646,
    "trip_id": 15208646,
    "trip_headsign": "",
    "direction_id": "",
    "block_id": "",
    "shape_id": 1078
  },
  {
    "route_id": 1078,
    "service_id": 15208648,
    "trip_id": 15208648,
    "trip_headsign": "",
    "direction_id": "",
    "block_id": "",
    "shape_id": 1078
  },
  {
    "route_id": 1078,
    "service_id": 15208650,
    "trip_id": 15208650,
    "trip_headsign": "",
    "direction_id": "",
    "block_id": "",
    "shape_id": 1078
  },
  {
    "route_id": 1078,
    "service_id": 15208652,
    "trip_id": 15208652,
    "trip_headsign": "",
    "direction_id": "",
    "block_id": "",
    "shape_id": 1078
  },
  {
    "route_id": 1078,
    "service_id": 15208654,
    "trip_id": 15208654,
    "trip_headsign": "",
    "direction_id": "",
    "block_id": "",
    "shape_id": 1078
  },
  {
    "route_id": 1078,
    "service_id": 15208656,
    "trip_id": 15208656,
    "trip_headsign": "",
    "direction_id": "",
    "block_id": "",
    "shape_id": 1078
  },
  {
    "route_id": 1078,
    "service_id": 15208658,
    "trip_id": 15208658,
    "trip_headsign": "",
    "direction_id": "",
    "block_id": "",
    "shape_id": 1078
  },
  {
    "route_id": 1078,
    "service_id": 15208660,
    "trip_id": 15208660,
    "trip_headsign": "",
    "direction_id": "",
    "block_id": "",
    "shape_id": 1078
  },
  {
    "route_id": 1078,
    "service_id": 15208662,
    "trip_id": 15208662,
    "trip_headsign": "",
    "direction_id": "",
    "block_id": "",
    "shape_id": 1078
  },
  {
    "route_id": 1078,
    "service_id": 15208664,
    "trip_id": 15208664,
    "trip_headsign": "",
    "direction_id": "",
    "block_id": "",
    "shape_id": 1078
  },
  {
    "route_id": 1078,
    "service_id": 15208666,
    "trip_id": 15208666,
    "trip_headsign": "",
    "direction_id": "",
    "block_id": "",
    "shape_id": 1078
  },
  {
    "route_id": 1078,
    "service_id": 15208668,
    "trip_id": 15208668,
    "trip_headsign": "",
    "direction_id": "",
    "block_id": "",
    "shape_id": 1078
  },
  {
    "route_id": 1078,
    "service_id": 15208670,
    "trip_id": 15208670,
    "trip_headsign": "",
    "direction_id": "",
    "block_id": "",
    "shape_id": 1078
  },
  {
    "route_id": 1079,
    "service_id": 15208524,
    "trip_id": 15208524,
    "trip_headsign": "",
    "direction_id": "",
    "block_id": "",
    "shape_id": 1079
  },
  {
    "route_id": 1079,
    "service_id": 15208526,
    "trip_id": 15208526,
    "trip_headsign": "",
    "direction_id": "",
    "block_id": "",
    "shape_id": 1079
  },
  {
    "route_id": 1079,
    "service_id": 15208531,
    "trip_id": 15208531,
    "trip_headsign": "",
    "direction_id": "",
    "block_id": "",
    "shape_id": 1079
  },
  {
    "route_id": 1079,
    "service_id": 15208537,
    "trip_id": 15208537,
    "trip_headsign": "",
    "direction_id": "",
    "block_id": "",
    "shape_id": 1079
  },
  {
    "route_id": 1079,
    "service_id": 15208543,
    "trip_id": 15208543,
    "trip_headsign": "",
    "direction_id": "",
    "block_id": "",
    "shape_id": 1079
  },
  {
    "route_id": 1079,
    "service_id": 15208546,
    "trip_id": 15208546,
    "trip_headsign": "",
    "direction_id": "",
    "block_id": "",
    "shape_id": 1079
  },
  {
    "route_id": 1079,
    "service_id": 15208549,
    "trip_id": 15208549,
    "trip_headsign": "",
    "direction_id": "",
    "block_id": "",
    "shape_id": 1079
  },
  {
    "route_id": 1079,
    "service_id": 15208552,
    "trip_id": 15208552,
    "trip_headsign": "",
    "direction_id": "",
    "block_id": "",
    "shape_id": 1079
  },
  {
    "route_id": 1079,
    "service_id": 15208555,
    "trip_id": 15208555,
    "trip_headsign": "",
    "direction_id": "",
    "block_id": "",
    "shape_id": 1079
  },
  {
    "route_id": 1079,
    "service_id": 15208558,
    "trip_id": 15208558,
    "trip_headsign": "",
    "direction_id": "",
    "block_id": "",
    "shape_id": 1079
  },
  {
    "route_id": 1079,
    "service_id": 15208561,
    "trip_id": 15208561,
    "trip_headsign": "",
    "direction_id": "",
    "block_id": "",
    "shape_id": 1079
  },
  {
    "route_id": 1079,
    "service_id": 15208564,
    "trip_id": 15208564,
    "trip_headsign": "",
    "direction_id": "",
    "block_id": "",
    "shape_id": 1079
  },
  {
    "route_id": 1079,
    "service_id": 15208570,
    "trip_id": 15208570,
    "trip_headsign": "",
    "direction_id": "",
    "block_id": "",
    "shape_id": 1079
  },
  {
    "route_id": 1079,
    "service_id": 15208573,
    "trip_id": 15208573,
    "trip_headsign": "",
    "direction_id": "",
    "block_id": "",
    "shape_id": 1079
  },
  {
    "route_id": 1079,
    "service_id": 15208576,
    "trip_id": 15208576,
    "trip_headsign": "",
    "direction_id": "",
    "block_id": "",
    "shape_id": 1079
  },
  {
    "route_id": 1079,
    "service_id": 15208579,
    "trip_id": 15208579,
    "trip_headsign": "",
    "direction_id": "",
    "block_id": "",
    "shape_id": 1079
  },
  {
    "route_id": 1079,
    "service_id": 15208585,
    "trip_id": 15208585,
    "trip_headsign": "",
    "direction_id": "",
    "block_id": "",
    "shape_id": 1079
  },
  {
    "route_id": 1079,
    "service_id": 15208588,
    "trip_id": 15208588,
    "trip_headsign": "",
    "direction_id": "",
    "block_id": "",
    "shape_id": 1079
  },
  {
    "route_id": 1079,
    "service_id": 15208591,
    "trip_id": 15208591,
    "trip_headsign": "",
    "direction_id": "",
    "block_id": "",
    "shape_id": 1079
  },
  {
    "route_id": 1079,
    "service_id": 15208593,
    "trip_id": 15208593,
    "trip_headsign": "",
    "direction_id": "",
    "block_id": "",
    "shape_id": 1079
  },
  {
    "route_id": 1079,
    "service_id": 15208595,
    "trip_id": 15208595,
    "trip_headsign": "",
    "direction_id": "",
    "block_id": "",
    "shape_id": 1079
  },
  {
    "route_id": 1079,
    "service_id": 15208596,
    "trip_id": 15208596,
    "trip_headsign": "",
    "direction_id": "",
    "block_id": "",
    "shape_id": 1079
  },
  {
    "route_id": 1079,
    "service_id": 15208626,
    "trip_id": 15208626,
    "trip_headsign": "",
    "direction_id": "",
    "block_id": "",
    "shape_id": 1079
  },
  {
    "route_id": 1079,
    "service_id": 15208628,
    "trip_id": 15208628,
    "trip_headsign": "",
    "direction_id": "",
    "block_id": "",
    "shape_id": 1079
  },
  {
    "route_id": 1079,
    "service_id": 15208630,
    "trip_id": 15208630,
    "trip_headsign": "",
    "direction_id": "",
    "block_id": "",
    "shape_id": 1079
  },
  {
    "route_id": 1079,
    "service_id": 15208632,
    "trip_id": 15208632,
    "trip_headsign": "",
    "direction_id": "",
    "block_id": "",
    "shape_id": 1079
  },
  {
    "route_id": 1079,
    "service_id": 15208598,
    "trip_id": 15208598,
    "trip_headsign": "",
    "direction_id": "",
    "block_id": "",
    "shape_id": 1079
  },
  {
    "route_id": 1079,
    "service_id": 15208600,
    "trip_id": 15208600,
    "trip_headsign": "",
    "direction_id": "",
    "block_id": "",
    "shape_id": 1079
  },
  {
    "route_id": 1079,
    "service_id": 15208602,
    "trip_id": 15208602,
    "trip_headsign": "",
    "direction_id": "",
    "block_id": "",
    "shape_id": 1079
  },
  {
    "route_id": 1079,
    "service_id": 15208604,
    "trip_id": 15208604,
    "trip_headsign": "",
    "direction_id": "",
    "block_id": "",
    "shape_id": 1079
  },
  {
    "route_id": 1079,
    "service_id": 15208606,
    "trip_id": 15208606,
    "trip_headsign": "",
    "direction_id": "",
    "block_id": "",
    "shape_id": 1079
  },
  {
    "route_id": 1079,
    "service_id": 15208608,
    "trip_id": 15208608,
    "trip_headsign": "",
    "direction_id": "",
    "block_id": "",
    "shape_id": 1079
  },
  {
    "route_id": 1079,
    "service_id": 15208610,
    "trip_id": 15208610,
    "trip_headsign": "",
    "direction_id": "",
    "block_id": "",
    "shape_id": 1079
  },
  {
    "route_id": 1079,
    "service_id": 15208612,
    "trip_id": 15208612,
    "trip_headsign": "",
    "direction_id": "",
    "block_id": "",
    "shape_id": 1079
  },
  {
    "route_id": 1079,
    "service_id": 15208614,
    "trip_id": 15208614,
    "trip_headsign": "",
    "direction_id": "",
    "block_id": "",
    "shape_id": 1079
  },
  {
    "route_id": 1079,
    "service_id": 15208616,
    "trip_id": 15208616,
    "trip_headsign": "",
    "direction_id": "",
    "block_id": "",
    "shape_id": 1079
  },
  {
    "route_id": 1079,
    "service_id": 15208618,
    "trip_id": 15208618,
    "trip_headsign": "",
    "direction_id": "",
    "block_id": "",
    "shape_id": 1079
  },
  {
    "route_id": 1079,
    "service_id": 15208620,
    "trip_id": 15208620,
    "trip_headsign": "",
    "direction_id": "",
    "block_id": "",
    "shape_id": 1079
  },
  {
    "route_id": 1079,
    "service_id": 15208622,
    "trip_id": 15208622,
    "trip_headsign": "",
    "direction_id": "",
    "block_id": "",
    "shape_id": 1079
  },
  {
    "route_id": 1079,
    "service_id": 15208487,
    "trip_id": 15208487,
    "trip_headsign": "",
    "direction_id": "",
    "block_id": "",
    "shape_id": 1079
  },
  {
    "route_id": 1079,
    "service_id": 15208489,
    "trip_id": 15208489,
    "trip_headsign": "",
    "direction_id": "",
    "block_id": "",
    "shape_id": 1079
  },
  {
    "route_id": 1079,
    "service_id": 15208491,
    "trip_id": 15208491,
    "trip_headsign": "",
    "direction_id": "",
    "block_id": "",
    "shape_id": 1079
  },
  {
    "route_id": 1079,
    "service_id": 15208493,
    "trip_id": 15208493,
    "trip_headsign": "",
    "direction_id": "",
    "block_id": "",
    "shape_id": 1079
  },
  {
    "route_id": 1079,
    "service_id": 15208495,
    "trip_id": 15208495,
    "trip_headsign": "",
    "direction_id": "",
    "block_id": "",
    "shape_id": 1079
  },
  {
    "route_id": 1079,
    "service_id": 15208497,
    "trip_id": 15208497,
    "trip_headsign": "",
    "direction_id": "",
    "block_id": "",
    "shape_id": 1079
  },
  {
    "route_id": 1079,
    "service_id": 15208499,
    "trip_id": 15208499,
    "trip_headsign": "",
    "direction_id": "",
    "block_id": "",
    "shape_id": 1079
  },
  {
    "route_id": 1079,
    "service_id": 15208501,
    "trip_id": 15208501,
    "trip_headsign": "",
    "direction_id": "",
    "block_id": "",
    "shape_id": 1079
  },
  {
    "route_id": 1079,
    "service_id": 15208503,
    "trip_id": 15208503,
    "trip_headsign": "",
    "direction_id": "",
    "block_id": "",
    "shape_id": 1079
  },
  {
    "route_id": 1079,
    "service_id": 15208505,
    "trip_id": 15208505,
    "trip_headsign": "",
    "direction_id": "",
    "block_id": "",
    "shape_id": 1079
  },
  {
    "route_id": 1079,
    "service_id": 15208507,
    "trip_id": 15208507,
    "trip_headsign": "",
    "direction_id": "",
    "block_id": "",
    "shape_id": 1079
  },
  {
    "route_id": 1079,
    "service_id": 15208509,
    "trip_id": 15208509,
    "trip_headsign": "",
    "direction_id": "",
    "block_id": "",
    "shape_id": 1079
  },
  {
    "route_id": 1079,
    "service_id": 15208511,
    "trip_id": 15208511,
    "trip_headsign": "",
    "direction_id": "",
    "block_id": "",
    "shape_id": 1079
  },
  {
    "route_id": 1079,
    "service_id": 15208515,
    "trip_id": 15208515,
    "trip_headsign": "",
    "direction_id": "",
    "block_id": "",
    "shape_id": 1079
  },
  {
    "route_id": 1079,
    "service_id": 15208517,
    "trip_id": 15208517,
    "trip_headsign": "",
    "direction_id": "",
    "block_id": "",
    "shape_id": 1079
  },
  {
    "route_id": 1079,
    "service_id": 15208519,
    "trip_id": 15208519,
    "trip_headsign": "",
    "direction_id": "",
    "block_id": "",
    "shape_id": 1079
  },
  {
    "route_id": 1079,
    "service_id": 15208521,
    "trip_id": 15208521,
    "trip_headsign": "",
    "direction_id": "",
    "block_id": "",
    "shape_id": 1079
  },
  {
    "route_id": 1079,
    "service_id": 15208582,
    "trip_id": 15208582,
    "trip_headsign": "",
    "direction_id": "",
    "block_id": "",
    "shape_id": 1079
  },
  {
    "route_id": 1079,
    "service_id": 15208624,
    "trip_id": 15208624,
    "trip_headsign": "",
    "direction_id": "",
    "block_id": "",
    "shape_id": 1079
  },
  {
    "route_id": 1079,
    "service_id": 15208513,
    "trip_id": 15208513,
    "trip_headsign": "",
    "direction_id": "",
    "block_id": "",
    "shape_id": 1079
  }
]