[
  {
    "stop_id": 11060004,
    "stop_code": "",
    "stop_name": "Campolide",
    "stop_desc": "",
    "stop_lat": 38.73294,
    "stop_lon": -9.1685,
    "zone_id": "",
    "stop_url": "",
    "location_type": "",
    "parent_station": ""
  },
  {
    "stop_id": 11017228,
    "stop_code": "",
    "stop_name": "Coina",
    "stop_desc": "",
    "stop_lat": 38.5847,
    "stop_lon": -9.05143,
    "zone_id": "",
    "stop_url": "",
    "location_type": "",
    "parent_station": ""
  },
  {
    "stop_id": 11017137,
    "stop_code": "",
    "stop_name": "Corroios",
    "stop_desc": "",
    "stop_lat": 38.63644,
    "stop_lon": -9.15189,
    "zone_id": "",
    "stop_url": "",
    "location_type": "",
    "parent_station": ""
  },
  {
    "stop_id": 11066050,
    "stop_code": "",
    "stop_name": "Entrecampos",
    "stop_desc": "",
    "stop_lat": 38.74402,
    "stop_lon": -9.15013,
    "zone_id": "",
    "stop_url": "",
    "location_type": "",
    "parent_station": ""
  },
  {
    "stop_id": 11017186,
    "stop_code": "",
    "stop_name": "Fogueteiro",
    "stop_desc": "",
    "stop_lat": 38.60997,
    "stop_lon": -9.10155,
    "zone_id": "",
    "stop_url": "",
    "location_type": "",
    "parent_station": ""
  },
  {
    "stop_id": 11017152,
    "stop_code": "",
    "stop_name": "Foros de Amora",
    "stop_desc": "",
    "stop_lat": 38.62064,
    "stop_lon": -9.12887,
    "zone_id": "",
    "stop_url": "",
    "location_type": "",
    "parent_station": ""
  },
  {
    "stop_id": 11068080,
    "stop_code": "",
    "stop_name": "Palmela",
    "stop_desc": "",
    "stop_lat": 38.57109,
    "stop_lon": -8.8727,
    "zone_id": "",
    "stop_url": "",
    "location_type": "",
    "parent_station": ""
  },
  {
    "stop_id": 11017095,
    "stop_code": "",
    "stop_name": "Penalva",
    "stop_desc": "",
    "stop_lat": 38.58996,
    "stop_lon": -8.99525,
    "zone_id": "",
    "stop_url": "",
    "location_type": "",
    "parent_station": ""
  },
  {
    "stop_id": 11068007,
    "stop_code": "",
    "stop_name": "Pinhal Novo",
    "stop_desc": "",
    "stop_lat": 38.62986,
    "stop_lon": -8.91365,
    "zone_id": "",
    "stop_url": "",
    "location_type": "",
    "parent_station": ""
  },
  {
    "stop_id": 11017087,
    "stop_code": "",
    "stop_name": "Pragal",
    "stop_desc": "",
    "stop_lat": 38.66683,
    "stop_lon": -9.17966,
    "zone_id": "",
    "stop_url": "",
    "location_type": "",
    "parent_station": ""
  },
  {
    "stop_id": 11066035,
    "stop_code": "",
    "stop_name": "Roma-Areeiro",
    "stop_desc": "",
    "stop_lat": 38.74581,
    "stop_lon": -9.13427,
    "zone_id": "",
    "stop_url": "",
    "location_type": "",
    "parent_station": ""
  },
  {
    "stop_id": 11066076,
    "stop_code": "",
    "stop_name": "Sete Rios",
    "stop_desc": "",
    "stop_lat": 38.74039,
    "stop_lon": -9.16702,
    "zone_id": "",
    "stop_url": "",
    "location_type": "",
    "parent_station": ""
  },
  {
    "stop_id": 11068122,
    "stop_code": "",
    "stop_name": "Setúbal",
    "stop_desc": "",
    "stop_lat": 38.53069,
    "stop_lon": -8.8853,
    "zone_id": "",
    "stop_url": "",
    "location_type": "",
    "parent_station": ""
  },
  {
    "stop_id": 11068049,
    "stop_code": "",
    "stop_name": "Venda do Alcaide",
    "stop_desc": "",
    "stop_lat": 38.60648,
    "stop_lon": -8.88886,
    "zone_id": "",
    "stop_url": "",
    "location_type": "",
    "parent_station": ""
  }
]